Workbook

Sheet Sheet2
A1: tahap_proyek_id | B1: Tahapan | C1: Deliverables | D1: order_step | E1: start | F1: end | G1: tanggal_realisasi | H1: checklist | I1: nomor | J1: status | K1: catatan | L1: created_at | M1: modified_at
A2: 23 | B2: Pra Pembangunan dan Pra Pengadaan | C2: RBT | D2: 1 | H2: 1 | J2: FINISHED
A3: 23 | B3: Pra Pembangunan dan Pra Pengadaan | C3: RPP | D3: 2 | H3: 1 | J3: FINISHED
A4: 23 | B4: Pra Pembangunan dan Pra Pengadaan | C4: RBTek | D4: 3 | H4: 1 | J4: FINISHED
A5: 23 | B5: Pengadaan - Kons. Perancang | C5: KAK | D5: 4 | H5: 1 | J5: FINISHED
A6: 23 | B6: Pengadaan - Kons. Perancang | C6: SPPP | D6: 5 | H6: 1 | J6: FINISHED
A7: 23 | B7: Pengadaan - Kons. MK | C7: KAK | D7: 6 | H7: 1 | J7: FINISHED
A8: 23 | B8: Pengadaan - Kons. MK | C8: SPPP | D8: 7 | H8: 1 | J8: FINISHED
A9: 23 | B9: Pengadaan - Kontraktor | C9: KAK | D9: 8 | H9: 1 | J9: FINISHED
A10: 23 | B10: Pengadaan - Kontraktor | C10: SPPP | D10: 9 | H10: 1 | J10: FINISHED
A11: 23 | B11: Implementasi | C11: Kick Off | D11: 10 | E11: 46023 | F11: 46082 | H11: 1 | J11: FINISHED
A12: 23 | B12: Implementasi | C12: BAST 1 | D12: 11 | E12: 46113 | F12: 46113 | G12: 46142 | H12: 1 | J12: FINISHED
A13: 23 | B13: Implementasi | C13: BAST 2 | D13: 12 | H13: 0 | J13: ON TRACK
A14: 24 | B14: Pra Pembangunan dan Pra Pengadaan | C14: RBT | D14: 1 | H14: 1 | J14: FINISHED
A15: 24 | B15: Pra Pembangunan dan Pra Pengadaan | C15: RPP | D15: 2 | E15: 46174 | F15: 46174 | G15: 46198 | H15: 1 | J15: FINISHED
A16: 24 | B16: Pra Pembangunan dan Pra Pengadaan | C16: RBTek | D16: 3 | E16: 46266 | F16: 46266 | H16: 0 | J16: ON TRACK
A17: 24 | B17: Pengadaan - Kons. Perancang | C17: KAK | D17: 4 | E17: 46054 | F17: 46235 | G17: 46132 | H17: 1 | J17: FINISHED
A18: 24 | B18: Pengadaan - Kons. Perancang | C18: SPPP | D18: 5 | H18: 1 | J18: FINISHED
A19: 24 | B19: Pengadaan - Kons. MK | C19: KAK | D19: 6 | H19: 1 | J19: FINISHED
A20: 24 | B20: Pengadaan - Kons. MK | C20: SPPP | D20: 7 | H20: 1 | J20: FINISHED
A21: 24 | B21: Pengadaan - Kontraktor | C21: KAK | D21: 8 | E21: 46266 | F21: 46327 | H21: 0 | J21: ON TRACK
A22: 24 | B22: Pengadaan - Kontraktor | C22: SPPP | D22: 9 | E22: 46357 | F22: 46357 | H22: 0 | J22: ON TRACK
A23: 24 | B23: Implementasi | C23: Kick Off | D23: 10 | H23: 0 | J23: ON TRACK
A24: 24 | B24: Implementasi | C24: BAST 1 | D24: 11 | H24: 0 | J24: ON TRACK
A25: 24 | B25: Implementasi | C25: BAST 2 | D25: 12 | H25: 0 | J25: ON TRACK
A26: 26 | B26: Pra Pembangunan dan Pra Pengadaan | C26: RPP | D26: =IF(CHECKLIST!H11<>"",CHECKLIST!H11,"") -> 4 | E26: 46296 | F26: 46296 | G26: =IF(CHECKLIST!Y11<>"",CHECKLIST!Y11,"") | H26: =IF(CHECKLIST!U11,1,0) -> 0 | I26: =IF(CHECKLIST!AB11<>"",CHECKLIST!AB11,"") | J26: =CHECKLIST!Z11 -> NOT STARTED | K26: =IF(CHECKLIST!AC11<>"",CHECKLIST!AC11,"") | L26: 46219 | M26: 46219
A27: 26 | B27: Pengadaan - Kons. MK | C27: KAK | D27: =IF(CHECKLIST!H12<>"",CHECKLIST!H12,"") -> 11 | E27: 46235 | F27: 46296 | G27: =IF(CHECKLIST!Y12<>"",CHECKLIST!Y12,"") | H27: =IF(CHECKLIST!U12,1,0) -> 0 | I27: =IF(CHECKLIST!AB12<>"",CHECKLIST!AB12,"") | J27: =CHECKLIST!Z12 -> BEHIND | K27: =IF(CHECKLIST!AC12<>"",CHECKLIST!AC12,"") | L27: 46219 | M27: 46219
A28: 26 | B28: Pengadaan - Kons. MK | C28: SPPP | D28: =IF(CHECKLIST!H13<>"",CHECKLIST!H13,"") -> 12 | E28: 46327 | F28: 46357 | G28: =IF(CHECKLIST!Y13<>"",CHECKLIST!Y13,"") | H28: =IF(CHECKLIST!U13,1,0) -> 0 | I28: =IF(CHECKLIST!AB13<>"",CHECKLIST!AB13,"") | J28: =CHECKLIST!Z13 -> NOT STARTED | K28: =IF(CHECKLIST!AC13<>"",CHECKLIST!AC13,"") | L28: 46219 | M28: 46219
A29: 73 | B29: Pengadaan - Kontraktor | C29: KAK | D29: =IF(CHECKLIST!H14<>"",CHECKLIST!H14,"") -> 7 | E29: 46174 | F29: 46266 | G29: =IF(CHECKLIST!Y14<>"",CHECKLIST!Y14,"") -> 46178 | H29: =IF(CHECKLIST!U14,1,0) -> 1 | I29: =IF(CHECKLIST!AB14<>"",CHECKLIST!AB14,"") -> 27/65/DPAN-GPAN1/M.01/B | J29: =CHECKLIST!Z14 -> ON TRACK | K29: =IF(CHECKLIST!AC14<>"",CHECKLIST!AC14,"") | L29: 46219 | M29: 46219
A30: 73 | B30: Pengadaan - Kontraktor | C30: SPPP | D30: =IF(CHECKLIST!H15<>"",CHECKLIST!H15,"") -> 8 | E30: 46296 | F30: 46296 | G30: =IF(CHECKLIST!Y15<>"",CHECKLIST!Y15,"") | H30: =IF(CHECKLIST!U15,1,0) -> 1 | I30: =IF(CHECKLIST!AB15<>"",CHECKLIST!AB15,"") | J30: =CHECKLIST!Z15 -> AHEAD | K30: =IF(CHECKLIST!AC15<>"",CHECKLIST!AC15,"") -> Adendum kontrak payung Tahap 2A | L30: 46219 | M30: 46219
A31: 73 | B31: Implementasi | C31: Pembangunan Fisik | D31: =IF(CHECKLIST!H16<>"",CHECKLIST!H16,"") -> 1 | E31: 46327 | F31: 46327 | G31: =IF(CHECKLIST!Y16<>"",CHECKLIST!Y16,"") | H31: =IF(CHECKLIST!U16,1,0) -> 0 | I31: =IF(CHECKLIST!AB16<>"",CHECKLIST!AB16,"") | J31: =CHECKLIST!Z16 -> NOT STARTED | K31: =IF(CHECKLIST!AC16<>"",CHECKLIST!AC16,"") | L31: 46219 | M31: 46219
A32: 73 | B32: Implementasi | C32: BAST 1 | D32: =IF(CHECKLIST!H17<>"",CHECKLIST!H17,"") -> 2 | E32: 46357 | F32: 46357 | G32: =IF(CHECKLIST!Y17<>"",CHECKLIST!Y17,"") | H32: =IF(CHECKLIST!U17,1,0) -> 0 | I32: =IF(CHECKLIST!AB17<>"",CHECKLIST!AB17,"") | J32: =CHECKLIST!Z17 -> NOT STARTED | K32: =IF(CHECKLIST!AC17<>"",CHECKLIST!AC17,"") | L32: 46219 | M32: 46219
A33: 34 | B33: Pra Pembangunan dan Pra Pengadaan | C33: RBT | D33: 1 | H33: 1 | J33: FINISHED
A34: 34 | B34: Pra Pembangunan dan Pra Pengadaan | C34: RPP | D34: 2 | H34: 1 | J34: FINISHED
A35: 34 | B35: Pra Pembangunan dan Pra Pengadaan | C35: RBTek | D35: 3 | H35: 1 | J35: FINISHED
A36: 34 | B36: Pengadaan - Kons. Perancang | C36: KAK | D36: 4 | H36: 1 | J36: FINISHED
A37: 34 | B37: Pengadaan - Kons. Perancang | C37: SPPP | D37: 5 | H37: 1 | J37: FINISHED
A38: 34 | B38: Pengadaan - Kons. MK | C38: KAK | D38: 6 | H38: 1 | J38: FINISHED
A39: 34 | B39: Pengadaan - Kons. MK | C39: SPPP | D39: 7 | H39: 1 | J39: FINISHED
A40: 34 | B40: Pengadaan - Kontraktor | C40: KAK | D40: 8 | H40: 1 | J40: FINISHED
A41: 34 | B41: Pengadaan - Kontraktor | C41: SPPP | D41: 9 | H41: 1 | J41: FINISHED
A42: 34 | B42: Implementasi | C42: Kick Off | D42: 10 | E42: 46023 | F42: 46327 | H42: 1 | J42: FINISHED
A43: 34 | B43: Implementasi | C43: BAST 1 | D43: 11 | E43: 46357 | F43: 46357 | H43: 0 | J43: ON TRACK
A44: 34 | B44: Implementasi | C44: BAST 2 | D44: 12 | H44: 0 | J44: ON TRACK
A45: 20 | B45: Pra Pembangunan dan Pra Pengadaan | C45: RBT | D45: =IF(CHECKLIST!H21<>"",CHECKLIST!H21,"") -> 5 | E45: 46174 | F45: 46174 | G45: =IF(CHECKLIST!Y21<>"",CHECKLIST!Y21,"") -> 46212 | H45: =IF(CHECKLIST!U21,1,0) -> 1 | I45: =IF(CHECKLIST!AB21<>"",CHECKLIST!AB21,"") | J45: =CHECKLIST!Z21 -> ON TRACK | K45: =IF(CHECKLIST!AC21<>"",CHECKLIST!AC21,"") -> RBT akan sama dengan fasos dan cafetaria | L45: 46219 | M45: 46219
A46: 20 | B46: Pra Pembangunan dan Pra Pengadaan | C46: RPP | D46: =IF(CHECKLIST!H22<>"",CHECKLIST!H22,"") -> 4 | E46: 46266 | F46: 46266 | G46: =IF(CHECKLIST!Y22<>"",CHECKLIST!Y22,"") -> 46231 | H46: =IF(CHECKLIST!U22,1,0) -> 1 | I46: =IF(CHECKLIST!AB22<>"",CHECKLIST!AB22,"") | J46: =CHECKLIST!Z22 -> ON TRACK | K46: =IF(CHECKLIST!AC22<>"",CHECKLIST!AC22,"") | L46: 46219 | M46: 46219
A47: 20 | B47: Pra Pembangunan dan Pra Pengadaan | C47: RBTek | D47: =IF(CHECKLIST!H23<>"",CHECKLIST!H23,"") -> 6 | E47: 46296 | F47: 46296 | G47: =IF(CHECKLIST!Y23<>"",CHECKLIST!Y23,"") | H47: =IF(CHECKLIST!U23,1,0) -> 0 | I47: =IF(CHECKLIST!AB23<>"",CHECKLIST!AB23,"") | J47: =CHECKLIST!Z23 -> NOT STARTED | K47: =IF(CHECKLIST!AC23<>"",CHECKLIST!AC23,"") | L47: 46219 | M47: 46219
A48: 20 | B48: Pengadaan - Kons. MK | C48: KAK | D48: =IF(CHECKLIST!H24<>"",CHECKLIST!H24,"") -> 11 | E48: 46143 | F48: 46204 | G48: =IF(CHECKLIST!Y24<>"",CHECKLIST!Y24,"") -> 46122 | H48: =IF(CHECKLIST!U24,1,0) -> 1 | I48: =IF(CHECKLIST!AB24<>"",CHECKLIST!AB24,"") -> 28/62/DPAN-GPAN1/M.01/B | J48: =CHECKLIST!Z24 -> ON TRACK | K48: =IF(CHECKLIST!AC24<>"",CHECKLIST!AC24,"") -> Gabung Fasos & Gd. E | L48: 46219 | M48: 46219
A49: 20 | B49: Pengadaan - Kontraktor | C49: KAK | D49: =IF(CHECKLIST!H25<>"",CHECKLIST!H25,"") -> 7 | E49: 46296 | F49: 46357 | G49: =IF(CHECKLIST!Y25<>"",CHECKLIST!Y25,"") | H49: =IF(CHECKLIST!U25,1,0) -> 0 | I49: =IF(CHECKLIST!AB25<>"",CHECKLIST!AB25,"") | J49: =CHECKLIST!Z25 -> NOT STARTED | K49: =IF(CHECKLIST!AC25<>"",CHECKLIST!AC25,"") | L49: 46219 | M49: 46219
A50: 20 | B50: Pengadaan - Kons. Perancang | C50: SPPP | D50: =IF(CHECKLIST!H26<>"",CHECKLIST!H26,"") -> 10 | E50: 46113 | F50: 46296 | G50: =IF(CHECKLIST!Y26<>"",CHECKLIST!Y26,"") -> 46128 | H50: =IF(CHECKLIST!U26,1,0) -> 1 | I50: =IF(CHECKLIST!AB26<>"",CHECKLIST!AB26,"") -> 28/45/DMAP-GPPS/Srt/B | J50: =CHECKLIST!Z26 -> ON TRACK | K50: =IF(CHECKLIST!AC26<>"",CHECKLIST!AC26,"") -> Kick Off: 17 Apr 2026 | L50: 46219 | M50: 46219
A51: 20 | B51: Pengadaan - Kons. MK | C51: SPPP | D51: =IF(CHECKLIST!H27<>"",CHECKLIST!H27,"") -> 12 | E51: 46235 | F51: 46235 | G51: =IF(CHECKLIST!Y27<>"",CHECKLIST!Y27,"") -> 46225 | H51: =IF(CHECKLIST!U27,1,0) -> 1 | I51: =IF(CHECKLIST!AB27<>"",CHECKLIST!AB27,"") | J51: =CHECKLIST!Z27 -> ON TRACK | K51: =IF(CHECKLIST!AC27<>"",CHECKLIST!AC27,"") | L51: 46219 | M51: 46219
A52: 16 | B52: Pra Pembangunan dan Pra Pengadaan | C52: RBT | D52: =IF(CHECKLIST!H28<>"",CHECKLIST!H28,"") -> 5 | E52: 46357 | F52: 46357 | G52: =IF(CHECKLIST!Y28<>"",CHECKLIST!Y28,"") | H52: =IF(CHECKLIST!U28,1,0) -> 0 | I52: =IF(CHECKLIST!AB28<>"",CHECKLIST!AB28,"") | J52: =CHECKLIST!Z28 -> NOT STARTED | K52: =IF(CHECKLIST!AC28<>"",CHECKLIST!AC28,"") | L52: 46219 | M52: 46219
A53: 16 | B53: Pengadaan - Kons. Perancang | C53: KAK | D53: =IF(CHECKLIST!H29<>"",CHECKLIST!H29,"") -> 9 | E53: 46143 | F53: 46204 | G53: =IF(CHECKLIST!Y29<>"",CHECKLIST!Y29,"") -> 46167 | H53: =IF(CHECKLIST!U29,1,0) -> 1 | I53: =IF(CHECKLIST!AB29<>"",CHECKLIST!AB29,"") -> 28/149/DPAN/M.01/B | J53: =CHECKLIST!Z29 -> ON TRACK | K53: =IF(CHECKLIST!AC29<>"",CHECKLIST!AC29,"") | L53: 46219 | M53: 46219
A54: 16 | B54: Pengadaan - Kons. MK | C54: KAK | D54: =IF(CHECKLIST!H30<>"",CHECKLIST!H30,"") -> 11 | E54: 46327 | F54: 46357 | G54: =IF(CHECKLIST!Y30<>"",CHECKLIST!Y30,"") | H54: =IF(CHECKLIST!U30,1,0) -> 0 | I54: =IF(CHECKLIST!AB30<>"",CHECKLIST!AB30,"") | J54: =CHECKLIST!Z30 -> NOT STARTED | K54: =IF(CHECKLIST!AC30<>"",CHECKLIST!AC30,"") | L54: 46219 | M54: 46219
A55: 16 | B55: Pengadaan - Kons. Perancang | C55: SPPP | D55: =IF(CHECKLIST!H31<>"",CHECKLIST!H31,"") -> 10 | E55: 46235 | F55: 46357 | G55: =IF(CHECKLIST!Y31<>"",CHECKLIST!Y31,"") | H55: =IF(CHECKLIST!U31,1,0) -> 0 | I55: =IF(CHECKLIST!AB31<>"",CHECKLIST!AB31,"") | J55: =CHECKLIST!Z31 -> BEHIND | K55: =IF(CHECKLIST!AC31<>"",CHECKLIST!AC31,"") | L55: 46219 | M55: 46219
A56: 40 | B56: Pra Pembangunan dan Pra Pengadaan | C56: RBT | D56: =IF(CHECKLIST!H32<>"",CHECKLIST!H32,"") -> 5 | E56: 46174 | F56: 46174 | G56: =IF(CHECKLIST!Y32<>"",CHECKLIST!Y32,"") -> 46175 | H56: =IF(CHECKLIST!U32,1,0) -> 1 | I56: =IF(CHECKLIST!AB32<>"",CHECKLIST!AB32,"") | J56: =CHECKLIST!Z32 -> ON TRACK | K56: =IF(CHECKLIST!AC32<>"",CHECKLIST!AC32,"") | L56: 46219 | M56: 46219
... A81: 53 | B81: Pengadaan - Lahan | C81: AJB | D81: =IF(CHECKLIST!H57<>"",CHECKLIST!H57,"") -> 14 | E81: 46266 | F81: 46266 | G81: =IF(CHECKLIST!Y57<>"",CHECKLIST!Y57,"") | H81: =IF(CHECKLIST!U57,1,0) -> 0 | I81: =IF(CHECKLIST!AB57<>"",CHECKLIST!AB57,"") | J81: =CHECKLIST!Z57 -> ON TRACK | K81: =IF(CHECKLIST!AC57<>"",CHECKLIST!AC57,"") | L81: 46219 | M81: 46219
A82: 49 | B82: Pengadaan - Lahan | C82: KAK | D82: =IF(CHECKLIST!H59<>"",CHECKLIST!H59,"") -> 13 | E82: 46296 | F82: 46327 | G82: =IF(CHECKLIST!Y59<>"",CHECKLIST!Y59,"") | H82: =IF(CHECKLIST!U59,1,0) -> 0 | I82: =IF(CHECKLIST!AB59<>"",CHECKLIST!AB59,"") | J82: =CHECKLIST!Z59 -> NOT STARTED | K82: =IF(CHECKLIST!AC59<>"",CHECKLIST!AC59,"") | L82: 46219 | M82: 46219
A83: 49 | B83: Pengadaan - Lahan | C83: AJB | D83: =IF(CHECKLIST!H60<>"",CHECKLIST!H60,"") -> 14 | E83: 46357 | F83: 46357 | G83: =IF(CHECKLIST!Y60<>"",CHECKLIST!Y60,"") | H83: =IF(CHECKLIST!U60,1,0) -> 0 | I83: =IF(CHECKLIST!AB60<>"",CHECKLIST!AB60,"") | J83: =CHECKLIST!Z60 -> NOT STARTED | K83: =IF(CHECKLIST!AC60<>"",CHECKLIST!AC60,"") | L83: 46219 | M83: 46219
A84: 43 | B84: Pra Pembangunan dan Pra Pengadaan | C84: RPP | D84: =IF(CHECKLIST!H61<>"",CHECKLIST!H61,"") -> 4 | E84: 46054 | F84: 46054 | G84: =IF(CHECKLIST!Y61<>"",CHECKLIST!Y61,"") | H84: =IF(CHECKLIST!U61,1,0) -> 1 | I84: =IF(CHECKLIST!AB61<>"",CHECKLIST!AB61,"") | J84: =CHECKLIST!Z61 -> ON TRACK | K84: =IF(CHECKLIST!AC61<>"",CHECKLIST!AC61,"") | L84: 46219 | M84: 46219
A85: 43 | B85: Pengadaan - Lahan | C85: KAK | D85: =IF(CHECKLIST!H62<>"",CHECKLIST!H62,"") -> 13 | E85: 46296 | F85: 46327 | G85: =IF(CHECKLIST!Y62<>"",CHECKLIST!Y62,"") -> 46091 | H85: =IF(CHECKLIST!U62,1,0) -> 1 | I85: =IF(CHECKLIST!AB62<>"",CHECKLIST!AB62,"") | J85: =CHECKLIST!Z62 -> AHEAD | K85: =IF(CHECKLIST!AC62<>"",CHECKLIST!AC62,"") | L85: 46219 | M85: 46219
A86: 43 | B86: Pengadaan - Lahan | C86: AJB | D86: =IF(CHECKLIST!H63<>"",CHECKLIST!H63,"") -> 14 | E86: 46357 | F86: 46357 | G86: =IF(CHECKLIST!Y63<>"",CHECKLIST!Y63,"") | H86: =IF(CHECKLIST!U63,1,0) -> 1 | I86: =IF(CHECKLIST!AB63<>"",CHECKLIST!AB63,"") | J86: =CHECKLIST!Z63 -> AHEAD | K86: =IF(CHECKLIST!AC63<>"",CHECKLIST!AC63,"") | L86: 46219 | M86: 46219
A87: 46 | B87: Pengadaan - Lahan | C87: KAK | D87: =IF(CHECKLIST!H65<>"",CHECKLIST!H64,"") -> 4 | E87: 46296 | F87: 46327 | G87: =IF(CHECKLIST!Y65<>"",CHECKLIST!Y64,"") | H87: =IF(CHECKLIST!U65,1,0) -> 0 | I87: =IF(CHECKLIST!AB65<>"",CHECKLIST!AB64,"") | J87: =CHECKLIST!Z64 | K87: =IF(CHECKLIST!AC65<>"",CHECKLIST!AC64,"") | L87: 46219 | M87: 46219
A88: 46 | B88: Pengadaan - Lahan | C88: AJB | D88: =IF(CHECKLIST!H66<>"",CHECKLIST!H65,"") -> 13 | E88: 46357 | F88: 46357 | G88: =IF(CHECKLIST!Y66<>"",CHECKLIST!Y65,"") | H88: =IF(CHECKLIST!U66,1,0) -> 0 | I88: =IF(CHECKLIST!AB66<>"",CHECKLIST!AB65,"") | J88: =CHECKLIST!Z65 -> NOT STARTED | K88: =IF(CHECKLIST!AC66<>"",CHECKLIST!AC65,"") | L88: 46219 | M88: 46219
A89: 51 | B89: Pengadaan - Lahan | C89: KAK | D89: =IF(CHECKLIST!H67<>"",CHECKLIST!H67,"") -> 13 | E89: 46296 | F89: 46327 | G89: =IF(CHECKLIST!Y67<>"",CHECKLIST!Y67,"") | H89: =IF(CHECKLIST!U67,1,0) -> 0 | I89: =IF(CHECKLIST!AB67<>"",CHECKLIST!AB67,"") | J89: =CHECKLIST!Z67 -> NOT STARTED | K89: =IF(CHECKLIST!AC67<>"",CHECKLIST!AC67,"") | L89: 46219 | M89: 46219
A90: 51 | B90: Pengadaan - Lahan | C90: AJB | D90: =IF(CHECKLIST!H68<>"",CHECKLIST!H68,"") -> 14 | E90: 46357 | F90: 46357 | G90: =IF(CHECKLIST!Y68<>"",CHECKLIST!Y68,"") | H90: =IF(CHECKLIST!U68,1,0) -> 0 | I90: =IF(CHECKLIST!AB68<>"",CHECKLIST!AB68,"") | J90: =CHECKLIST!Z68 -> NOT STARTED | K90: =IF(CHECKLIST!AC68<>"",CHECKLIST!AC68,"") | L90: 46219 | M90: 46219
A91: 18 | B91: Pra Pembangunan dan Pra Pengadaan | C91: RBT | D91: =IF(CHECKLIST!H69<>"",CHECKLIST!H69,"") -> 5 | E91: 46174 | F91: 46174 | G91: =IF(CHECKLIST!Y69<>"",CHECKLIST!Y69,"") -> 46212 | H91: =IF(CHECKLIST!U69,1,0) -> 1 | I91: =IF(CHECKLIST!AB69<>"",CHECKLIST!AB69,"") | J91: =CHECKLIST!Z69 -> ON TRACK | K91: =IF(CHECKLIST!AC69<>"",CHECKLIST!AC69,"") | L91: 46219 | M91: 46219
A92: 18 | B92: Pra Pembangunan dan Pra Pengadaan | C92: RPP | D92: =IF(CHECKLIST!H70<>"",CHECKLIST!H70,"") -> 4 | E92: 46266 | F92: 46266 | G92: =IF(CHECKLIST!Y70<>"",CHECKLIST!Y70,"") -> 46231 | H92: =IF(CHECKLIST!U70,1,0) -> 1 | I92: =IF(CHECKLIST!AB70<>"",CHECKLIST!AB70,"") | J92: =CHECKLIST!Z70 -> ON TRACK | K92: =IF(CHECKLIST!AC70<>"",CHECKLIST!AC70,"") | L92: 46219 | M92: 46219
A93: 18 | B93: Pra Pembangunan dan Pra Pengadaan | C93: RBTek | D93: =IF(CHECKLIST!H71<>"",CHECKLIST!H71,"") -> 6 | E93: 46357 | F93: 46357 | G93: =IF(CHECKLIST!Y71<>"",CHECKLIST!Y71,"") | H93: =IF(CHECKLIST!U71,1,0) -> 0 | I93: =IF(CHECKLIST!AB71<>"",CHECKLIST!AB71,"") | J93: =CHECKLIST!Z71 -> NOT STARTED | K93: =IF(CHECKLIST!AC71<>"",CHECKLIST!AC71,"") | L93: 46219 | M93: 46219
A94: 18 | B94: Pengadaan - Kons. MK | C94: KAK | D94: =IF(CHECKLIST!H72<>"",CHECKLIST!H72,"") -> 11 | E94: 46113 | F94: 46204 | G94: =IF(CHECKLIST!Y72<>"",CHECKLIST!Y72,"") -> 46122 | H94: =IF(CHECKLIST!U72,1,0) -> 1 | I94: =IF(CHECKLIST!AB72<>"",CHECKLIST!AB72,"") -> 28/62/DPAN-GPAN1/M.01/B | J94: =CHECKLIST!Z72 -> ON TRACK | K94: =IF(CHECKLIST!AC72<>"",CHECKLIST!AC72,"") -> Gabung Fasos & Gd. E | L94: 46219 | M94: 46219
A95: 18 | B95: Pengadaan - Kons. Perancang | C95: SPPP | D95: =IF(CHECKLIST!H73<>"",CHECKLIST!H73,"") -> 10 | E95: 46113 | F95: 46327 | G95: =IF(CHECKLIST!Y73<>"",CHECKLIST!Y73,"") -> 46128 | H95: =IF(CHECKLIST!U73,1,0) -> 1 | I95: =IF(CHECKLIST!AB73<>"",CHECKLIST!AB73,"") -> 28/45/DMAP-GPPS/Srt/B | J95: =CHECKLIST!Z73 -> ON TRACK | K95: =IF(CHECKLIST!AC73<>"",CHECKLIST!AC73,"") -> Kick Off: 17 Apr 2026 | L95: 46219 | M95: 46219
A96: 18 | B96: Pengadaan - Kons. MK | C96: SPPP | D96: =IF(CHECKLIST!H74<>"",CHECKLIST!H74,"") -> 12 | E96: 46235 | F96: 46235 | G96: =IF(CHECKLIST!Y74<>"",CHECKLIST!Y74,"") -> 46225 | H96: =IF(CHECKLIST!U74,1,0) -> 1 | I96: =IF(CHECKLIST!AB74<>"",CHECKLIST!AB74,"") | J96: =CHECKLIST!Z74 -> ON TRACK | K96: =IF(CHECKLIST!AC74<>"",CHECKLIST!AC74,"") | L96: 46219 | M96: 46219
A97: 55 | B97: Implementasi | C97: Pembangunan Fisik | D97: =IF(CHECKLIST!H75<>"",CHECKLIST!H75,"") -> 1 | E97: 46023 | F97: 46357 | G97: =IF(CHECKLIST!Y75<>"",CHECKLIST!Y75,"") | H97: =IF(CHECKLIST!U75,1,0) -> 1 | I97: =IF(CHECKLIST!AB75<>"",CHECKLIST!AB75,"") | J97: =CHECKLIST!Z75 -> ON TRACK | K97: =IF(CHECKLIST!AC75<>"",CHECKLIST!AC75,"") | L97: 46219 | M97: 46219
A98: 56 | B98: Pra Pembangunan dan Pra Pengadaan | C98: RPP | D98: =IF(CHECKLIST!H76<>"",CHECKLIST!H76,"") -> 4 | E98: 46143 | F98: 46173 | G98: =IF(CHECKLIST!Y76<>"",CHECKLIST!Y76,"") -> 46248 | H98: =IF(CHECKLIST!U76,1,0) -> 1 | I98: =IF(CHECKLIST!AB76<>"",CHECKLIST!AB76,"") | J98: =CHECKLIST!Z76 -> ON TRACK | K98: =IF(CHECKLIST!AC76<>"",CHECKLIST!AC76,"") | L98: 46219 | M98: 46219
A99: 56 | B99: Pra Pembangunan dan Pra Pengadaan | C99: RBTek | D99: =IF(CHECKLIST!H77<>"",CHECKLIST!H77,"") -> 6 | E99: 46235 | F99: 46235 | G99: =IF(CHECKLIST!Y77<>"",CHECKLIST!Y77,"") | H99: =IF(CHECKLIST!U77,1,0) -> 0 | I99: =IF(CHECKLIST!AB77<>"",CHECKLIST!AB77,"") | J99: =CHECKLIST!Z77 -> BEHIND | K99: =IF(CHECKLIST!AC77<>"",CHECKLIST!AC77,"") | L99: 46219 | M99: 46219
A100: 56 | B100: Pengadaan - Kons. MK | C100: KAK | D100: =IF(CHECKLIST!H78<>"",CHECKLIST!H78,"") -> 11 | E100: 46054 | F100: 46113 | G100: =IF(CHECKLIST!Y78<>"",CHECKLIST!Y78,"") -> 46051 | H100: =IF(CHECKLIST!U78,1,0) -> 1 | I100: =IF(CHECKLIST!AB78<>"",CHECKLIST!AB78,"") | J100: =CHECKLIST!Z78 -> ON TRACK | K100: =IF(CHECKLIST!AC78<>"",CHECKLIST!AC78,"") | L100: 46219 | M100: 46219
... A136: 36 | B136: Implementasi | C136: Pembangunan Fisik | D136: =IF(CHECKLIST!H114<>"",CHECKLIST!H114,"") -> 1 | E136: 46174 | F136: 46266 | G136: =IF(CHECKLIST!Y114<>"",CHECKLIST!Y114,"") | H136: =IF(CHECKLIST!U114,1,0) -> 1 | I136: =IF(CHECKLIST!AB114<>"",CHECKLIST!AB114,"") | J136: =CHECKLIST!Z114 -> ON TRACK | K136: =IF(CHECKLIST!AC114<>"",CHECKLIST!AC114,"") | L136: 46219 | M136: 46219
A137: 45 | B137: Pengadaan - Lahan - Kons. Properti | D137: =IF(CHECKLIST!H115<>"",CHECKLIST!H115,"") -> 4 | E137: 46204 | F137: 46204 | G137: =IF(CHECKLIST!Y115<>"",CHECKLIST!Y115,"") | H137: =IF(CHECKLIST!U115,1,0) -> 0 | I137: =IF(CHECKLIST!AB115<>"",CHECKLIST!AB115,"") | J137: =CHECKLIST!Z115 -> NOT STARTED | K137: =IF(CHECKLIST!AC115<>"",CHECKLIST!AC115,"") | L137: 46219 | M137: 46219
A138: 45 | B138: Pengadaan - Lahan - Shortlist | D138: =IF(CHECKLIST!H116<>"",CHECKLIST!H116,"") -> 13 | E138: 46235 | F138: 46235 | G138: =IF(CHECKLIST!Y116<>"",CHECKLIST!Y116,"") | H138: =IF(CHECKLIST!U116,1,0) -> 0 | I138: =IF(CHECKLIST!AB116<>"",CHECKLIST!AB116,"") | J138: =CHECKLIST!Z116 -> NOT STARTED | K138: =IF(CHECKLIST!AC116<>"",CHECKLIST!AC116,"") | L138: 46219 | M138: 46219
A139: 45 | B139: Pengadaan - Lahan | C139: KAK | D139: =IF(CHECKLIST!H117<>"",CHECKLIST!H117,"") -> 14 | E139: 46266 | F139: 46357 | G139: =IF(CHECKLIST!Y117<>"",CHECKLIST!Y117,"") | H139: =IF(CHECKLIST!U117,1,0) -> 0 | I139: =IF(CHECKLIST!AB117<>"",CHECKLIST!AB117,"") | J139: =CHECKLIST!Z117 -> NOT STARTED | K139: =IF(CHECKLIST!AC117<>"",CHECKLIST!AC117,"") | L139: 46219 | M139: 46219
A140: 71 | B140: Pra Pembangunan dan Pra Pengadaan | C140: RPP | D140: =IF(CHECKLIST!H118<>"",CHECKLIST!H118,"") -> 4 | E140: 46174 | F140: 46174 | G140: =IF(CHECKLIST!Y118<>"",CHECKLIST!Y118,"") -> 46203 | H140: =IF(CHECKLIST!U118,1,0) -> 0 | I140: =IF(CHECKLIST!AB118<>"",CHECKLIST!AB118,"") | J140: =CHECKLIST!Z118 -> BEHIND | K140: =IF(CHECKLIST!AC118<>"",CHECKLIST!AC118,"") | L140: 46219 | M140: 46219
A141: 71 | B141: Pengadaan - Kontraktor | C141: KAK | D141: =IF(CHECKLIST!H119<>"",CHECKLIST!H119,"") -> 7 | E141: 46174 | F141: 46266 | G141: =IF(CHECKLIST!Y119<>"",CHECKLIST!Y119,"") | H141: =IF(CHECKLIST!U119,1,0) -> 0 | I141: =IF(CHECKLIST!AB119<>"",CHECKLIST!AB119,"") | J141: =CHECKLIST!Z119 -> ON TRACK | K141: =IF(CHECKLIST!AC119<>"",CHECKLIST!AC119,"") | L141: 46219 | M141: 46219
A142: 71 | B142: Pengadaan - Kons. MK | C142: SPPP | D142: =IF(CHECKLIST!H120<>"",CHECKLIST!H120,"") -> 12 | E142: 46174 | F142: 46174 | G142: =IF(CHECKLIST!Y120<>"",CHECKLIST!Y120,"") | H142: =IF(CHECKLIST!U120,1,0) -> 0 | I142: =IF(CHECKLIST!AB120<>"",CHECKLIST!AB120,"") | J142: =CHECKLIST!Z120 -> BEHIND | K142: =IF(CHECKLIST!AC120<>"",CHECKLIST!AC120,"") | L142: 46219 | M142: 46219
A143: 71 | B143: Pengadaan - Kontraktor | C143: SPPP | D143: =IF(CHECKLIST!H121<>"",CHECKLIST!H121,"") -> 8 | E143: 46266 | F143: 46266 | G143: =IF(CHECKLIST!Y121<>"",CHECKLIST!Y121,"") | H143: =IF(CHECKLIST!U121,1,0) -> 0 | I143: =IF(CHECKLIST!AB121<>"",CHECKLIST!AB121,"") | J143: =CHECKLIST!Z121 -> ON TRACK | K143: =IF(CHECKLIST!AC121<>"",CHECKLIST!AC121,"") | L143: 46219 | M143: 46219
A144: 71 | B144: Implementasi | C144: Pembangunan Fisik | D144: =IF(CHECKLIST!H122<>"",CHECKLIST!H122,"") -> 1 | E144: 46266 | F144: 46357 | G144: =IF(CHECKLIST!Y122<>"",CHECKLIST!Y122,"") | H144: =IF(CHECKLIST!U122,1,0) -> 0 | I144: =IF(CHECKLIST!AB122<>"",CHECKLIST!AB122,"") | J144: =CHECKLIST!Z122 -> ON TRACK | K144: =IF(CHECKLIST!AC122<>"",CHECKLIST!AC122,"") | L144: 46219 | M144: 46219
A145: 72 | B145: Pra Pembangunan dan Pra Pengadaan | C145: RPP | D145: =IF(CHECKLIST!H123<>"",CHECKLIST!H123,"") -> 4 | E145: 46174 | F145: 46174 | G145: =IF(CHECKLIST!Y123<>"",CHECKLIST!Y123,"") -> 46260 | H145: =IF(CHECKLIST!U123,1,0) -> 1 | I145: =IF(CHECKLIST!AB123<>"",CHECKLIST!AB123,"") | J145: =CHECKLIST!Z123 -> ON TRACK | K145: =IF(CHECKLIST!AC123<>"",CHECKLIST!AC123,"") | L145: 46219 | M145: 46219
A146: 72 | B146: Pengadaan - Kontraktor | C146: KAK | D146: =IF(CHECKLIST!H125<>"",CHECKLIST!H125,"") -> 7 | E146: 46174 | F146: 46266 | G146: =IF(CHECKLIST!Y125<>"",CHECKLIST!Y125,"") -> 46262 | H146: =IF(CHECKLIST!U125,1,0) -> 1 | I146: =IF(CHECKLIST!AB125<>"",CHECKLIST!AB125,"") | J146: =CHECKLIST!Z125 -> ON TRACK | K146: =IF(CHECKLIST!AC125<>"",CHECKLIST!AC125,"") | L146: 46219 | M146: 46219
A147: 72 | B147: Pengadaan - Kons. Perancang | C147: SPPP | D147: =IF(CHECKLIST!H126<>"",CHECKLIST!H126,"") -> 10 | E147: 46174 | F147: 46174 | G147: =IF(CHECKLIST!Y126<>"",CHECKLIST!Y126,"") -> 46160 | H147: =IF(CHECKLIST!U126,1,0) -> 1 | I147: =IF(CHECKLIST!AB126<>"",CHECKLIST!AB126,"") -> 28/36/DPAN-GPAN1-POPN1/Srt/B | J147: =CHECKLIST!Z126 -> ON TRACK | K147: =IF(CHECKLIST!AC126<>"",CHECKLIST!AC126,"") | L147: 46219 | M147: 46219
A148: 72 | B148: Pengadaan - Kons. MK | C148: SPPP | D148: =IF(CHECKLIST!H127<>"",CHECKLIST!H127,"") -> 12 | E148: 46174 | F148: 46174 | G148: =IF(CHECKLIST!Y127<>"",CHECKLIST!Y127,"") -> 46232 | H148: =IF(CHECKLIST!U127,1,0) -> 1 | I148: =IF(CHECKLIST!AB127<>"",CHECKLIST!AB127,"") | J148: =CHECKLIST!Z127 -> ON TRACK | K148: =IF(CHECKLIST!AC127<>"",CHECKLIST!AC127,"") | L148: 46219 | M148: 46219
A149: 72 | B149: Pengadaan - Kontraktor | C149: SPPP | D149: =IF(CHECKLIST!H128<>"",CHECKLIST!H128,"") -> 8 | E149: 46266 | F149: 46266 | G149: =IF(CHECKLIST!Y128<>"",CHECKLIST!Y128,"") | H149: =IF(CHECKLIST!U128,1,0) -> 0 | I149: =IF(CHECKLIST!AB128<>"",CHECKLIST!AB128,"") | J149: =CHECKLIST!Z128 -> ON TRACK | K149: =IF(CHECKLIST!AC128<>"",CHECKLIST!AC128,"") | L149: 46219 | M149: 46219
A150: 72 | B150: Implementasi | C150: Pembangunan Fisik | D150: =IF(CHECKLIST!H129<>"",CHECKLIST!H129,"") -> 1 | E150: 46266 | F150: 46357 | G150: =IF(CHECKLIST!Y129<>"",CHECKLIST!Y129,"") | H150: =IF(CHECKLIST!U129,1,0) -> 0 | I150: =IF(CHECKLIST!AB129<>"",CHECKLIST!AB129,"") | J150: =CHECKLIST!Z129 -> ON TRACK | K150: =IF(CHECKLIST!AC129<>"",CHECKLIST!AC129,"") | L150: 46219 | M150: 46219
A151: 1 | B151: Implementasi | C151: Pembangunan Fisik | D151: 1 | H151: 2

Sheet CHECKLIST
I1: Current Date : | O1: =TODAY() -> 46268
A2: No | B2: Nama Proyek | C2: Tahap | D2: UKER | E2: Tahapan | F2: Deliverables | I2: Q1 | L2: Q2 | O2: Q3 | R2: Q4 | U2: Checklist | V2: Start | W2: End | X2: Quarter | Y2: Realisasi (Date) | Z2: Tracker | AA2: Nomor Kontrak | AB2: Nomor | AC2: Note | AE2: Legend | AF2: Color | AG2: Code
I3: =DATE(2026,1,1) -> 46023 | J3: =EDATE(I3,1) -> 46054 | K3: =EDATE(J3,1) -> 46082 | L3: =EDATE(K3,1) -> 46113 | M3: =EDATE(L3,1) -> 46143 | N3: =EDATE(M3,1) -> 46174 | O3: =EDATE(N3,1) -> 46204 | P3: =EDATE(O3,1) -> 46235 | Q3: =EDATE(P3,1) -> 46266 | ... T3: =EDATE(S3,1) -> 46357
A4: 1 | B4: Modern Office | C4: 2A | D4: GPAN1 | E4: Implementasi | F4: Pembangunan Fisik | G4: {=E4:E129 & " | " & F4:F129} -> Implementasi | Pembangunan Fisik | H4: {=IFERROR(_xlfn.XLOOKUP(G4:G129, $AE$4:$AE$19, $AG$4:$AG$19), "")} -> 1 | I4: =IF(AND(I$3 >= $V4, I$3 <= $W4), $H4, "") -> 1 | J4: =IF(AND(J$3 >= $V4, J$3 <= $W4), $H4, "") -> 1 | K4: =IF(AND(K$3 >= $V4, K$3 <= $W4), $H4, "") -> 1 | L4: =IF(AND(L$3 >= $V4, L$3 <= $W4), $H4, "") | M4: =IF(AND(M$3 >= $V4, M$3 <= $W4), $H4, "") | N4: =IF(AND(N$3 >= $V4, N$3 <= $W4), $H4, "") | O4: =IF(AND(O$3 >= $V4, O$3 <= $W4), $H4, "") | P4: =IF(AND(P$3 >= $V4, P$3 <= $W4), $H4, "") | ... T4: =IF(AND(T$3 >= $V4, T$3 <= $W4), $H4, "") | U4: TRUE | V4: 46023 | W4: 46082 | X4: Q1 | Y4: 46021 | Z4: {=IFERROR( IF(V4:V129="", "", IF(U4:U129=TRUE, IF(TODAY()<V4:V129, "AHEAD", "ON TRACK"), IF( TODAY() > (DATE(YEAR(V4:V129), MONTH(V4:V129)+1, 1)-1), "BEHIND", IF(TODAY()>=V4:V129, "ON TRACK", "NOT STARTED") ) ) ), "")} -> ON TRACK | AE4: Implementasi | Pembangunan Fisik | AG4: 1
A5: 2 | B5: Modern Office | C5: 2A | D5: GPAN1 | E5: Implementasi | F5: BAST 1 | G5: Implementasi | BAST 1 | H5: 2 | I5: =IF(AND(I$3 >= $V5, I$3 <= $W5), $H5, "") | J5: =IF(AND(J$3 >= $V5, J$3 <= $W5), $H5, "") | K5: =IF(AND(K$3 >= $V5, K$3 <= $W5), $H5, "") | L5: =IF(AND(L$3 >= $V5, L$3 <= $W5), $H5, "") -> 2 | M5: =IF(AND(M$3 >= $V5, M$3 <= $W5), $H5, "") | N5: =IF(AND(N$3 >= $V5, N$3 <= $W5), $H5, "") | O5: =IF(AND(O$3 >= $V5, O$3 <= $W5), $H5, "") | P5: =IF(AND(P$3 >= $V5, P$3 <= $W5), $H5, "") | ... T5: =IF(AND(T$3 >= $V5, T$3 <= $W5), $H5, "") | U5: TRUE | V5: 46113 | W5: 46113 | X5: Q1 | Y5: 46142 | Z5: ON TRACK | AE5: Implementasi | BAST 1 | AG5: 2
A6: 3 | B6: Modern Office | C6: 2B & 2C | D6: GPAN2 | E6: Pra Pembangunan dan Pra Pengadaan | F6: RPP | G6: Pra Pembangunan dan Pra Pengadaan | RPP | H6: 4 | I6: =IF(AND(I$3 >= $V6, I$3 <= $W6), $H6, "") | J6: =IF(AND(J$3 >= $V6, J$3 <= $W6), $H6, "") | K6: =IF(AND(K$3 >= $V6, K$3 <= $W6), $H6, "") | L6: =IF(AND(L$3 >= $V6, L$3 <= $W6), $H6, "") | M6: =IF(AND(M$3 >= $V6, M$3 <= $W6), $H6, "") | N6: =IF(AND(N$3 >= $V6, N$3 <= $W6), $H6, "") -> 4 | O6: =IF(AND(O$3 >= $V6, O$3 <= $W6), $H6, "") | P6: =IF(AND(P$3 >= $V6, P$3 <= $W6), $H6, "") | ... T6: =IF(AND(T$3 >= $V6, T$3 <= $W6), $H6, "") | U6: TRUE | V6: 46174 | W6: 46174 | X6: Q1 | Y6: 46198 | Z6: ON TRACK | AE6: Implementasi | SLO / SLF / BAPP | AG6: 3
A7: 4 | B7: Modern Office | C7: 2B & 2C | D7: GPAN2 | E7: Pra Pembangunan dan Pra Pengadaan | F7: RBTek | G7: Pra Pembangunan dan Pra Pengadaan | RBTek | H7: 6 | I7: =IF(AND(I$3 >= $V7, I$3 <= $W7), $H7, "") | J7: =IF(AND(J$3 >= $V7, J$3 <= $W7), $H7, "") | K7: =IF(AND(K$3 >= $V7, K$3 <= $W7), $H7, "") | L7: =IF(AND(L$3 >= $V7, L$3 <= $W7), $H7, "") | M7: =IF(AND(M$3 >= $V7, M$3 <= $W7), $H7, "") | N7: =IF(AND(N$3 >= $V7, N$3 <= $W7), $H7, "") | O7: =IF(AND(O$3 >= $V7, O$3 <= $W7), $H7, "") | P7: =IF(AND(P$3 >= $V7, P$3 <= $W7), $H7, "") | ... T7: =IF(AND(T$3 >= $V7, T$3 <= $W7), $H7, "") | U7: TRUE | V7: 46266 | W7: 46266 | X7: Q1 | Y7: 46246 | Z7: ON TRACK | AE7: Pra Pembangunan dan Pra Pengadaan | RPP | AG7: 4
A8: 5 | B8: Modern Office | C8: 2B & 2C | D8: GPAN2 | E8: Pengadaan - Kontraktor | F8: KAK | G8: Pengadaan - Kontraktor | KAK | H8: 7 | I8: =IF(AND(I$3 >= $V8, I$3 <= $W8), $H8, "") | J8: =IF(AND(J$3 >= $V8, J$3 <= $W8), $H8, "") | K8: =IF(AND(K$3 >= $V8, K$3 <= $W8), $H8, "") | L8: =IF(AND(L$3 >= $V8, L$3 <= $W8), $H8, "") | M8: =IF(AND(M$3 >= $V8, M$3 <= $W8), $H8, "") | N8: =IF(AND(N$3 >= $V8, N$3 <= $W8), $H8, "") | O8: =IF(AND(O$3 >= $V8, O$3 <= $W8), $H8, "") | P8: =IF(AND(P$3 >= $V8, P$3 <= $W8), $H8, "") | ... T8: =IF(AND(T$3 >= $V8, T$3 <= $W8), $H8, "") | U8: TRUE | V8: 46266 | W8: 46327 | X8: Q1 | Y8: 46246 | Z8: ON TRACK | AE8: Pra Pembangunan dan Pra Pengadaan | RBT | AG8: 5
A9: 6 | B9: Modern Office | C9: 2B & 2C | D9: GPAN2 | E9: Pengadaan - Kons. Perancang | F9: SPPP | G9: Pengadaan - Kons. Perancang | SPPP | H9: 10 | I9: =IF(AND(I$3 >= $V9, I$3 <= $W9), $H9, "") | J9: =IF(AND(J$3 >= $V9, J$3 <= $W9), $H9, "") -> 10 | K9: =IF(AND(K$3 >= $V9, K$3 <= $W9), $H9, "") -> 10 | L9: =IF(AND(L$3 >= $V9, L$3 <= $W9), $H9, "") -> 10 | M9: =IF(AND(M$3 >= $V9, M$3 <= $W9), $H9, "") -> 10 | N9: =IF(AND(N$3 >= $V9, N$3 <= $W9), $H9, "") -> 10 | O9: =IF(AND(O$3 >= $V9, O$3 <= $W9), $H9, "") -> 10 | P9: =IF(AND(P$3 >= $V9, P$3 <= $W9), $H9, "") -> 10 | ... T9: =IF(AND(T$3 >= $V9, T$3 <= $W9), $H9, "") | U9: TRUE | V9: 46054 | W9: 46235 | X9: Q1 | Y9: 46132 | Z9: ON TRACK | AA9: 28/284/DMAP/P/B | AB9: 28/160/DMAP/-GPPS-PBS/Srt/B | AC9: Kick Off: 24 Apr 2026 PT Desain Paramitra Indonesia (gd. C, D & tipikal) | AE9: Pra Pembangunan dan Pra Pengadaan | RBTek | AG9: 6
A10: 7 | B10: Modern Office | C10: 2B & 2C | D10: GPAN2 | E10: Pengadaan - Kontraktor | F10: SPPP | G10: Pengadaan - Kontraktor | SPPP | H10: 8 | I10: =IF(AND(I$3 >= $V10, I$3 <= $W10), $H10, "") | J10: =IF(AND(J$3 >= $V10, J$3 <= $W10), $H10, "") | K10: =IF(AND(K$3 >= $V10, K$3 <= $W10), $H10, "") | L10: =IF(AND(L$3 >= $V10, L$3 <= $W10), $H10, "") | M10: =IF(AND(M$3 >= $V10, M$3 <= $W10), $H10, "") | N10: =IF(AND(N$3 >= $V10, N$3 <= $W10), $H10, "") | O10: =IF(AND(O$3 >= $V10, O$3 <= $W10), $H10, "") | P10: =IF(AND(P$3 >= $V10, P$3 <= $W10), $H10, "") | ... T10: =IF(AND(T$3 >= $V10, T$3 <= $W10), $H10, "") -> 8 | U10: FALSE | V10: 46357 | W10: 46357 | X10: Q1 | Z10: NOT STARTED | AE10: Pengadaan - Kontraktor | KAK | AG10: 7
A11: 8 | B11: Modern Office | C11: 3A | D11: GPAN1 | E11: Pra Pembangunan dan Pra Pengadaan | F11: RPP | G11: Pra Pembangunan dan Pra Pengadaan | RPP | H11: 4 | I11: =IF(AND(I$3 >= $V11, I$3 <= $W11), $H11, "") | J11: =IF(AND(J$3 >= $V11, J$3 <= $W11), $H11, "") | K11: =IF(AND(K$3 >= $V11, K$3 <= $W11), $H11, "") | L11: =IF(AND(L$3 >= $V11, L$3 <= $W11), $H11, "") | M11: =IF(AND(M$3 >= $V11, M$3 <= $W11), $H11, "") | N11: =IF(AND(N$3 >= $V11, N$3 <= $W11), $H11, "") | O11: =IF(AND(O$3 >= $V11, O$3 <= $W11), $H11, "") | P11: =IF(AND(P$3 >= $V11, P$3 <= $W11), $H11, "") | ... T11: =IF(AND(T$3 >= $V11, T$3 <= $W11), $H11, "") | U11: FALSE | V11: 46296 | W11: 46296 | X11: Q3 | Z11: NOT STARTED | AE11: Pengadaan - Kontraktor | SPPP | AG11: 8
A12: 9 | B12: Modern Office | C12: 3A | D12: GPAN1 | E12: Pengadaan - Kons. MK | F12: KAK | G12: Pengadaan - Kons. MK | KAK | H12: 11 | I12: =IF(AND(I$3 >= $V12, I$3 <= $W12), $H12, "") | J12: =IF(AND(J$3 >= $V12, J$3 <= $W12), $H12, "") | K12: =IF(AND(K$3 >= $V12, K$3 <= $W12), $H12, "") | L12: =IF(AND(L$3 >= $V12, L$3 <= $W12), $H12, "") | M12: =IF(AND(M$3 >= $V12, M$3 <= $W12), $H12, "") | N12: =IF(AND(N$3 >= $V12, N$3 <= $W12), $H12, "") | O12: =IF(AND(O$3 >= $V12, O$3 <= $W12), $H12, "") | P12: =IF(AND(P$3 >= $V12, P$3 <= $W12), $H12, "") -> 11 | ... T12: =IF(AND(T$3 >= $V12, T$3 <= $W12), $H12, "") | U12: FALSE | V12: 46235 | W12: 46296 | X12: Q3 | Z12: BEHIND | AE12: Pengadaan - Kons. Perancang | KAK | AG12: 9
A13: 10 | B13: Modern Office | C13: 3A | D13: GPAN1 | E13: Pengadaan - Kons. MK | F13: SPPP | G13: Pengadaan - Kons. MK | SPPP | H13: 12 | I13: =IF(AND(I$3 >= $V13, I$3 <= $W13), $H13, "") | J13: =IF(AND(J$3 >= $V13, J$3 <= $W13), $H13, "") | K13: =IF(AND(K$3 >= $V13, K$3 <= $W13), $H13, "") | L13: =IF(AND(L$3 >= $V13, L$3 <= $W13), $H13, "") | M13: =IF(AND(M$3 >= $V13, M$3 <= $W13), $H13, "") | N13: =IF(AND(N$3 >= $V13, N$3 <= $W13), $H13, "") | O13: =IF(AND(O$3 >= $V13, O$3 <= $W13), $H13, "") | P13: =IF(AND(P$3 >= $V13, P$3 <= $W13), $H13, "") | ... T13: =IF(AND(T$3 >= $V13, T$3 <= $W13), $H13, "") -> 12 | U13: FALSE | V13: 46327 | W13: 46357 | X13: Q3 | Z13: NOT STARTED | AE13: Pengadaan - Kons. Perancang | SPPP | AG13: 10
A14: 11 | B14: Perkuatan Struktur Gedung KOPERBI Thamrin | C14: 2B & 2C | D14: GPAN1 | E14: Pengadaan - Kontraktor | F14: KAK | G14: Pengadaan - Kontraktor | KAK | H14: 7 | I14: =IF(AND(I$3 >= $V14, I$3 <= $W14), $H14, "") | J14: =IF(AND(J$3 >= $V14, J$3 <= $W14), $H14, "") | K14: =IF(AND(K$3 >= $V14, K$3 <= $W14), $H14, "") | L14: =IF(AND(L$3 >= $V14, L$3 <= $W14), $H14, "") | M14: =IF(AND(M$3 >= $V14, M$3 <= $W14), $H14, "") | N14: =IF(AND(N$3 >= $V14, N$3 <= $W14), $H14, "") -> 7 | O14: =IF(AND(O$3 >= $V14, O$3 <= $W14), $H14, "") -> 7 | P14: =IF(AND(P$3 >= $V14, P$3 <= $W14), $H14, "") -> 7 | ... T14: =IF(AND(T$3 >= $V14, T$3 <= $W14), $H14, "") | U14: TRUE | V14: 46174 | W14: 46266 | X14: Q2 | Y14: 46178 | Z14: ON TRACK | AB14: 27/65/DPAN-GPAN1/M.01/B | AE14: Pengadaan - Kons. MK | KAK | AG14: 11
A15: 12 | B15: Perkuatan Struktur Gedung KOPERBI Thamrin | C15: 2B & 2C | D15: GPAN1 | E15: Pengadaan - Kontraktor | F15: SPPP | G15: Pengadaan - Kontraktor | SPPP | H15: 8 | I15: =IF(AND(I$3 >= $V15, I$3 <= $W15), $H15, "") | J15: =IF(AND(J$3 >= $V15, J$3 <= $W15), $H15, "") | K15: =IF(AND(K$3 >= $V15, K$3 <= $W15), $H15, "") | L15: =IF(AND(L$3 >= $V15, L$3 <= $W15), $H15, "") | M15: =IF(AND(M$3 >= $V15, M$3 <= $W15), $H15, "") | N15: =IF(AND(N$3 >= $V15, N$3 <= $W15), $H15, "") | O15: =IF(AND(O$3 >= $V15, O$3 <= $W15), $H15, "") | P15: =IF(AND(P$3 >= $V15, P$3 <= $W15), $H15, "") | ... T15: =IF(AND(T$3 >= $V15, T$3 <= $W15), $H15, "") | U15: TRUE | V15: 46296 | W15: 46296 | X15: Q2 | Z15: AHEAD | AC15: Adendum kontrak payung Tahap 2A | AE15: Pengadaan - Kons. MK | SPPP | AG15: 12
A16: 13 | B16: Perkuatan Struktur Gedung KOPERBI Thamrin | C16: 2B & 2C | D16: GPAN1 | E16: Implementasi | F16: Pembangunan Fisik | G16: Implementasi | Pembangunan Fisik | H16: 1 | I16: =IF(AND(I$3 >= $V16, I$3 <= $W16), $H16, "") | J16: =IF(AND(J$3 >= $V16, J$3 <= $W16), $H16, "") | K16: =IF(AND(K$3 >= $V16, K$3 <= $W16), $H16, "") | L16: =IF(AND(L$3 >= $V16, L$3 <= $W16), $H16, "") | M16: =IF(AND(M$3 >= $V16, M$3 <= $W16), $H16, "") | N16: =IF(AND(N$3 >= $V16, N$3 <= $W16), $H16, "") | O16: =IF(AND(O$3 >= $V16, O$3 <= $W16), $H16, "") | P16: =IF(AND(P$3 >= $V16, P$3 <= $W16), $H16, "") | ... T16: =IF(AND(T$3 >= $V16, T$3 <= $W16), $H16, "") | U16: FALSE | V16: 46327 | W16: 46327 | X16: Q2 | Z16: NOT STARTED | AE16: Pengadaan - Lahan | KAK | AG16: 13
A17: 14 | B17: Perkuatan Struktur Gedung KOPERBI Thamrin | C17: 2B & 2C | D17: GPAN1 | E17: Implementasi | F17: BAST 1 | G17: Implementasi | BAST 1 | H17: 2 | I17: =IF(AND(I$3 >= $V17, I$3 <= $W17), $H17, "") | J17: =IF(AND(J$3 >= $V17, J$3 <= $W17), $H17, "") | K17: =IF(AND(K$3 >= $V17, K$3 <= $W17), $H17, "") | L17: =IF(AND(L$3 >= $V17, L$3 <= $W17), $H17, "") | M17: =IF(AND(M$3 >= $V17, M$3 <= $W17), $H17, "") | N17: =IF(AND(N$3 >= $V17, N$3 <= $W17), $H17, "") | O17: =IF(AND(O$3 >= $V17, O$3 <= $W17), $H17, "") | P17: =IF(AND(P$3 >= $V17, P$3 <= $W17), $H17, "") | ... T17: =IF(AND(T$3 >= $V17, T$3 <= $W17), $H17, "") -> 2 | U17: FALSE | V17: 46357 | W17: 46357 | X17: Q2 | Z17: NOT STARTED | AE17: Pengadaan - Lahan | AJB | AG17: 14
A18: 15 | B18: Fasilitas Akomodasi KOPERBI SINERGI | C18: 1 | D18: GPAN2 | E18: Implementasi | F18: Pembangunan Fisik | G18: Implementasi | Pembangunan Fisik | H18: 1 | I18: =IF(AND(I$3 >= $V18, I$3 <= $W18), $H18, "") -> 1 | J18: =IF(AND(J$3 >= $V18, J$3 <= $W18), $H18, "") -> 1 | K18: =IF(AND(K$3 >= $V18, K$3 <= $W18), $H18, "") -> 1 | L18: =IF(AND(L$3 >= $V18, L$3 <= $W18), $H18, "") -> 1 | M18: =IF(AND(M$3 >= $V18, M$3 <= $W18), $H18, "") -> 1 | N18: =IF(AND(N$3 >= $V18, N$3 <= $W18), $H18, "") -> 1 | O18: =IF(AND(O$3 >= $V18, O$3 <= $W18), $H18, "") -> 1 | P18: =IF(AND(P$3 >= $V18, P$3 <= $W18), $H18, "") -> 1 | ... T18: =IF(AND(T$3 >= $V18, T$3 <= $W18), $H18, "") | U18: TRUE | V18: 46023 | W18: 46327 | X18: Q1 | Z18: ON TRACK | AE18: =G115 -> Pra Pembangunan dan Pra Pengadaan | RPP | AG18: 15
A19: 16 | B19: Fasilitas Akomodasi KOPERBI SINERGI | C19: 1 | D19: GPAN2 | E19: Implementasi | F19: SLO / SLF / BAPP | G19: Implementasi | SLO / SLF / BAPP | H19: 3 | I19: =IF(AND(I$3 >= $V19, I$3 <= $W19), $H19, "") | J19: =IF(AND(J$3 >= $V19, J$3 <= $W19), $H19, "") | K19: =IF(AND(K$3 >= $V19, K$3 <= $W19), $H19, "") | L19: =IF(AND(L$3 >= $V19, L$3 <= $W19), $H19, "") | M19: =IF(AND(M$3 >= $V19, M$3 <= $W19), $H19, "") | N19: =IF(AND(N$3 >= $V19, N$3 <= $W19), $H19, "") | O19: =IF(AND(O$3 >= $V19, O$3 <= $W19), $H19, "") | P19: =IF(AND(P$3 >= $V19, P$3 <= $W19), $H19, "") | ... T19: =IF(AND(T$3 >= $V19, T$3 <= $W19), $H19, "") -> 3 | U19: FALSE | V19: 46357 | W19: 46357 | X19: Q1 | Z19: NOT STARTED | AE19: =G116 -> Pengadaan - Lahan | KAK | AG19: 16
A20: 17 | B20: Fasilitas Akomodasi KOPERBI SINERGI | C20: 1 | D20: GPAN2 | E20: Implementasi | F20: BAST 1 | G20: Implementasi | BAST 1 | H20: 2 | I20: =IF(AND(I$3 >= $V20, I$3 <= $W20), $H20, "") | J20: =IF(AND(J$3 >= $V20, J$3 <= $W20), $H20, "") | K20: =IF(AND(K$3 >= $V20, K$3 <= $W20), $H20, "") | L20: =IF(AND(L$3 >= $V20, L$3 <= $W20), $H20, "") | M20: =IF(AND(M$3 >= $V20, M$3 <= $W20), $H20, "") | N20: =IF(AND(N$3 >= $V20, N$3 <= $W20), $H20, "") | O20: =IF(AND(O$3 >= $V20, O$3 <= $W20), $H20, "") | P20: =IF(AND(P$3 >= $V20, P$3 <= $W20), $H20, "") | ... T20: =IF(AND(T$3 >= $V20, T$3 <= $W20), $H20, "") -> 2 | U20: FALSE | V20: 46357 | W20: 46357 | X20: Q1 | Z20: NOT STARTED
A21: 18 | B21: Pembangunan Gd. E & Taman Cinta Ilmu | C21: 1 | D21: GPAN1 | E21: Pra Pembangunan dan Pra Pengadaan | F21: RBT | G21: Pra Pembangunan dan Pra Pengadaan | RBT | H21: 5 | I21: =IF(AND(I$3 >= $V21, I$3 <= $W21), $H21, "") | J21: =IF(AND(J$3 >= $V21, J$3 <= $W21), $H21, "") | K21: =IF(AND(K$3 >= $V21, K$3 <= $W21), $H21, "") | L21: =IF(AND(L$3 >= $V21, L$3 <= $W21), $H21, "") | M21: =IF(AND(M$3 >= $V21, M$3 <= $W21), $H21, "") | N21: =IF(AND(N$3 >= $V21, N$3 <= $W21), $H21, "") -> 5 | O21: =IF(AND(O$3 >= $V21, O$3 <= $W21), $H21, "") | P21: =IF(AND(P$3 >= $V21, P$3 <= $W21), $H21, "") | ... T21: =IF(AND(T$3 >= $V21, T$3 <= $W21), $H21, "") | U21: TRUE | V21: 46174 | W21: 46174 | X21: Q1 | Y21: 46212 | Z21: ON TRACK | AC21: RBT akan sama dengan fasos dan cafetaria
A22: 19 | B22: Pembangunan Gd. E & Taman Cinta Ilmu | C22: 1 | D22: GPAN1 | E22: Pra Pembangunan dan Pra Pengadaan | F22: RPP | G22: Pra Pembangunan dan Pra Pengadaan | RPP | H22: 4 | I22: =IF(AND(I$3 >= $V22, I$3 <= $W22), $H22, "") | J22: =IF(AND(J$3 >= $V22, J$3 <= $W22), $H22, "") | K22: =IF(AND(K$3 >= $V22, K$3 <= $W22), $H22, "") | L22: =IF(AND(L$3 >= $V22, L$3 <= $W22), $H22, "") | M22: =IF(AND(M$3 >= $V22, M$3 <= $W22), $H22, "") | N22: =IF(AND(N$3 >= $V22, N$3 <= $W22), $H22, "") | O22: =IF(AND(O$3 >= $V22, O$3 <= $W22), $H22, "") | P22: =IF(AND(P$3 >= $V22, P$3 <= $W22), $H22, "") | ... T22: =IF(AND(T$3 >= $V22, T$3 <= $W22), $H22, "") | U22: TRUE | V22: 46266 | W22: 46266 | X22: Q1 | Y22: 46231 | Z22: ON TRACK
A23: 20 | B23: Pembangunan Gd. E & Taman Cinta Ilmu | C23: 1 | D23: GPAN1 | E23: Pra Pembangunan dan Pra Pengadaan | F23: RBTek | G23: Pra Pembangunan dan Pra Pengadaan | RBTek | H23: 6 | I23: =IF(AND(I$3 >= $V23, I$3 <= $W23), $H23, "") | J23: =IF(AND(J$3 >= $V23, J$3 <= $W23), $H23, "") | K23: =IF(AND(K$3 >= $V23, K$3 <= $W23), $H23, "") | L23: =IF(AND(L$3 >= $V23, L$3 <= $W23), $H23, "") | M23: =IF(AND(M$3 >= $V23, M$3 <= $W23), $H23, "") | N23: =IF(AND(N$3 >= $V23, N$3 <= $W23), $H23, "") | O23: =IF(AND(O$3 >= $V23, O$3 <= $W23), $H23, "") | P23: =IF(AND(P$3 >= $V23, P$3 <= $W23), $H23, "") | ... T23: =IF(AND(T$3 >= $V23, T$3 <= $W23), $H23, "") | U23: FALSE | V23: 46296 | W23: 46296 | X23: Q1 | Z23: NOT STARTED
A24: 21 | B24: Pembangunan Gd. E & Taman Cinta Ilmu | C24: 1 | D24: GPAN1 | E24: Pengadaan - Kons. MK | F24: KAK | G24: Pengadaan - Kons. MK | KAK | H24: 11 | I24: =IF(AND(I$3 >= $V24, I$3 <= $W24), $H24, "") | J24: =IF(AND(J$3 >= $V24, J$3 <= $W24), $H24, "") | K24: =IF(AND(K$3 >= $V24, K$3 <= $W24), $H24, "") | L24: =IF(AND(L$3 >= $V24, L$3 <= $W24), $H24, "") | M24: =IF(AND(M$3 >= $V24, M$3 <= $W24), $H24, "") -> 11 | N24: =IF(AND(N$3 >= $V24, N$3 <= $W24), $H24, "") -> 11 | O24: =IF(AND(O$3 >= $V24, O$3 <= $W24), $H24, "") -> 11 | P24: =IF(AND(P$3 >= $V24, P$3 <= $W24), $H24, "") | ... T24: =IF(AND(T$3 >= $V24, T$3 <= $W24), $H24, "") | U24: TRUE | V24: 46143 | W24: 46204 | X24: Q1 | Y24: 46122 | Z24: ON TRACK | AB24: 28/62/DPAN-GPAN1/M.01/B | AC24: Gabung Fasos & Gd. E
A25: 22 | B25: Pembangunan Gd. E & Taman Cinta Ilmu | C25: 1 | D25: GPAN1 | E25: Pengadaan - Kontraktor | F25: KAK | G25: Pengadaan - Kontraktor | KAK | H25: 7 | I25: =IF(AND(I$3 >= $V25, I$3 <= $W25), $H25, "") | J25: =IF(AND(J$3 >= $V25, J$3 <= $W25), $H25, "") | K25: =IF(AND(K$3 >= $V25, K$3 <= $W25), $H25, "") | L25: =IF(AND(L$3 >= $V25, L$3 <= $W25), $H25, "") | M25: =IF(AND(M$3 >= $V25, M$3 <= $W25), $H25, "") | N25: =IF(AND(N$3 >= $V25, N$3 <= $W25), $H25, "") | O25: =IF(AND(O$3 >= $V25, O$3 <= $W25), $H25, "") | P25: =IF(AND(P$3 >= $V25, P$3 <= $W25), $H25, "") | ... T25: =IF(AND(T$3 >= $V25, T$3 <= $W25), $H25, "") -> 7 | U25: FALSE | V25: 46296 | W25: 46357 | X25: Q1 | Z25: NOT STARTED
A26: 23 | B26: Pembangunan Gd. E & Taman Cinta Ilmu | C26: 1 | D26: GPAN1 | E26: Pengadaan - Kons. Perancang | F26: SPPP | G26: Pengadaan - Kons. Perancang | SPPP | H26: 10 | I26: =IF(AND(I$3 >= $V26, I$3 <= $W26), $H26, "") | J26: =IF(AND(J$3 >= $V26, J$3 <= $W26), $H26, "") | K26: =IF(AND(K$3 >= $V26, K$3 <= $W26), $H26, "") | L26: =IF(AND(L$3 >= $V26, L$3 <= $W26), $H26, "") -> 10 | M26: =IF(AND(M$3 >= $V26, M$3 <= $W26), $H26, "") -> 10 | N26: =IF(AND(N$3 >= $V26, N$3 <= $W26), $H26, "") -> 10 | O26: =IF(AND(O$3 >= $V26, O$3 <= $W26), $H26, "") -> 10 | P26: =IF(AND(P$3 >= $V26, P$3 <= $W26), $H26, "") -> 10 | ... T26: =IF(AND(T$3 >= $V26, T$3 <= $W26), $H26, "") | U26: TRUE | V26: 46113 | W26: 46296 | X26: Q1 | Y26: 46128 | Z26: ON TRACK | AB26: 28/45/DMAP-GPPS/Srt/B | AC26: Kick Off: 17 Apr 2026
A27: 24 | B27: Pembangunan Gd. E & Taman Cinta Ilmu | C27: 1 | D27: GPAN1 | E27: Pengadaan - Kons. MK | F27: SPPP | G27: Pengadaan - Kons. MK | SPPP | H27: 12 | I27: =IF(AND(I$3 >= $V27, I$3 <= $W27), $H27, "") | J27: =IF(AND(J$3 >= $V27, J$3 <= $W27), $H27, "") | K27: =IF(AND(K$3 >= $V27, K$3 <= $W27), $H27, "") | L27: =IF(AND(L$3 >= $V27, L$3 <= $W27), $H27, "") | M27: =IF(AND(M$3 >= $V27, M$3 <= $W27), $H27, "") | N27: =IF(AND(N$3 >= $V27, N$3 <= $W27), $H27, "") | O27: =IF(AND(O$3 >= $V27, O$3 <= $W27), $H27, "") | P27: =IF(AND(P$3 >= $V27, P$3 <= $W27), $H27, "") -> 12 | ... T27: =IF(AND(T$3 >= $V27, T$3 <= $W27), $H27, "") | U27: TRUE | V27: 46235 | W27: 46235 | X27: Q1 | Y27: 46225 | Z27: ON TRACK
A28: 25 | B28: Pembangunan Cafetaria, Nursery, dan Taman Cinta Keluarga | C28: 1 | D28: GPAN2 | E28: Pra Pembangunan dan Pra Pengadaan | F28: RBT | G28: Pra Pembangunan dan Pra Pengadaan | RBT | H28: 5 | I28: =IF(AND(I$3 >= $V28, I$3 <= $W28), $H28, "") | J28: =IF(AND(J$3 >= $V28, J$3 <= $W28), $H28, "") | K28: =IF(AND(K$3 >= $V28, K$3 <= $W28), $H28, "") | L28: =IF(AND(L$3 >= $V28, L$3 <= $W28), $H28, "") | M28: =IF(AND(M$3 >= $V28, M$3 <= $W28), $H28, "") | N28: =IF(AND(N$3 >= $V28, N$3 <= $W28), $H28, "") | O28: =IF(AND(O$3 >= $V28, O$3 <= $W28), $H28, "") | P28: =IF(AND(P$3 >= $V28, P$3 <= $W28), $H28, "") | ... T28: =IF(AND(T$3 >= $V28, T$3 <= $W28), $H28, "") -> 5 | U28: FALSE | V28: 46357 | W28: 46357 | X28: Q2 | Z28: NOT STARTED
A29: 26 | B29: Pembangunan Cafetaria, Nursery, dan Taman Cinta Keluarga | C29: 1 | D29: GPAN2 | E29: Pengadaan - Kons. Perancang | F29: KAK | G29: Pengadaan - Kons. Perancang | KAK | H29: 9 | I29: =IF(AND(I$3 >= $V29, I$3 <= $W29), $H29, "") | J29: =IF(AND(J$3 >= $V29, J$3 <= $W29), $H29, "") | K29: =IF(AND(K$3 >= $V29, K$3 <= $W29), $H29, "") | L29: =IF(AND(L$3 >= $V29, L$3 <= $W29), $H29, "") | M29: =IF(AND(M$3 >= $V29, M$3 <= $W29), $H29, "") -> 9 | N29: =IF(AND(N$3 >= $V29, N$3 <= $W29), $H29, "") -> 9 | O29: =IF(AND(O$3 >= $V29, O$3 <= $W29), $H29, "") -> 9 | P29: =IF(AND(P$3 >= $V29, P$3 <= $W29), $H29, "") | ... T29: =IF(AND(T$3 >= $V29, T$3 <= $W29), $H29, "") | U29: TRUE | V29: 46143 | W29: 46204 | X29: Q2 | Y29: 46167 | Z29: ON TRACK | AB29: 28/149/DPAN/M.01/B
A30: 27 | B30: Pembangunan Cafetaria, Nursery, dan Taman Cinta Keluarga | C30: 1 | D30: GPAN2 | E30: Pengadaan - Kons. MK | F30: KAK | G30: Pengadaan - Kons. MK | KAK | H30: 11 | I30: =IF(AND(I$3 >= $V30, I$3 <= $W30), $H30, "") | J30: =IF(AND(J$3 >= $V30, J$3 <= $W30), $H30, "") | K30: =IF(AND(K$3 >= $V30, K$3 <= $W30), $H30, "") | L30: =IF(AND(L$3 >= $V30, L$3 <= $W30), $H30, "") | M30: =IF(AND(M$3 >= $V30, M$3 <= $W30), $H30, "") | N30: =IF(AND(N$3 >= $V30, N$3 <= $W30), $H30, "") | O30: =IF(AND(O$3 >= $V30, O$3 <= $W30), $H30, "") | P30: =IF(AND(P$3 >= $V30, P$3 <= $W30), $H30, "") | ... T30: =IF(AND(T$3 >= $V30, T$3 <= $W30), $H30, "") -> 11 | U30: FALSE | V30: 46327 | W30: 46357 | X30: Q2 | Z30: NOT STARTED
A31: 28 | B31: Pembangunan Cafetaria, Nursery, dan Taman Cinta Keluarga | C31: 1 | D31: GPAN2 | E31: Pengadaan - Kons. Perancang | F31: SPPP | G31: Pengadaan - Kons. Perancang | SPPP | H31: 10 | I31: =IF(AND(I$3 >= $V31, I$3 <= $W31), $H31, "") | J31: =IF(AND(J$3 >= $V31, J$3 <= $W31), $H31, "") | K31: =IF(AND(K$3 >= $V31, K$3 <= $W31), $H31, "") | L31: =IF(AND(L$3 >= $V31, L$3 <= $W31), $H31, "") | M31: =IF(AND(M$3 >= $V31, M$3 <= $W31), $H31, "") | N31: =IF(AND(N$3 >= $V31, N$3 <= $W31), $H31, "") | O31: =IF(AND(O$3 >= $V31, O$3 <= $W31), $H31, "") | P31: =IF(AND(P$3 >= $V31, P$3 <= $W31), $H31, "") -> 10 | ... T31: =IF(AND(T$3 >= $V31, T$3 <= $W31), $H31, "") -> 10 | U31: FALSE | V31: 46235 | W31: 46357 | X31: Q2 | Z31: BEHIND
A32: 29 | B32: Pembangunan DKW Sumut | C32: 1 | D32: GPAN2 | E32: Pra Pembangunan dan Pra Pengadaan | F32: RBT | G32: Pra Pembangunan dan Pra Pengadaan | RBT | H32: 5 | I32: =IF(AND(I$3 >= $V32, I$3 <= $W32), $H32, "") | J32: =IF(AND(J$3 >= $V32, J$3 <= $W32), $H32, "") | K32: =IF(AND(K$3 >= $V32, K$3 <= $W32), $H32, "") | L32: =IF(AND(L$3 >= $V32, L$3 <= $W32), $H32, "") | M32: =IF(AND(M$3 >= $V32, M$3 <= $W32), $H32, "") | N32: =IF(AND(N$3 >= $V32, N$3 <= $W32), $H32, "") -> 5 | O32: =IF(AND(O$3 >= $V32, O$3 <= $W32), $H32, "") | P32: =IF(AND(P$3 >= $V32, P$3 <= $W32), $H32, "") | ... T32: =IF(AND(T$3 >= $V32, T$3 <= $W32), $H32, "") | U32: TRUE | V32: 46174 | W32: 46174 | X32: Q1 | Y32: 46175 | Z32: ON TRACK
A33: 30 | B33: Pembangunan DKW Sumut | C33: 1 | D33: GPAN2 | E33: Pra Pembangunan dan Pra Pengadaan | F33: RPP | G33: Pra Pembangunan dan Pra Pengadaan | RPP | H33: 4 | I33: =IF(AND(I$3 >= $V33, I$3 <= $W33), $H33, "") | J33: =IF(AND(J$3 >= $V33, J$3 <= $W33), $H33, "") | K33: =IF(AND(K$3 >= $V33, K$3 <= $W33), $H33, "") | L33: =IF(AND(L$3 >= $V33, L$3 <= $W33), $H33, "") | M33: =IF(AND(M$3 >= $V33, M$3 <= $W33), $H33, "") | N33: =IF(AND(N$3 >= $V33, N$3 <= $W33), $H33, "") | O33: =IF(AND(O$3 >= $V33, O$3 <= $W33), $H33, "") | P33: =IF(AND(P$3 >= $V33, P$3 <= $W33), $H33, "") | ... T33: =IF(AND(T$3 >= $V33, T$3 <= $W33), $H33, "") | U33: FALSE | V33: 46266 | W33: 46266 | X33: Q1 | Z33: ON TRACK
A34: 31 | B34: Pembangunan DKW Sumut | C34: 1 | D34: GPAN2 | E34: Pra Pembangunan dan Pra Pengadaan | F34: RBTek | G34: Pra Pembangunan dan Pra Pengadaan | RBTek | H34: 6 | I34: =IF(AND(I$3 >= $V34, I$3 <= $W34), $H34, "") | J34: =IF(AND(J$3 >= $V34, J$3 <= $W34), $H34, "") | K34: =IF(AND(K$3 >= $V34, K$3 <= $W34), $H34, "") | L34: =IF(AND(L$3 >= $V34, L$3 <= $W34), $H34, "") | M34: =IF(AND(M$3 >= $V34, M$3 <= $W34), $H34, "") | N34: =IF(AND(N$3 >= $V34, N$3 <= $W34), $H34, "") | O34: =IF(AND(O$3 >= $V34, O$3 <= $W34), $H34, "") | P34: =IF(AND(P$3 >= $V34, P$3 <= $W34), $H34, "") | ... T34: =IF(AND(T$3 >= $V34, T$3 <= $W34), $H34, "") -> 6 | U34: FALSE | V34: 46357 | W34: 46357 | X34: Q1 | Z34: NOT STARTED
A35: 32 | B35: Pembangunan DKW Sumut | C35: 1 | D35: GPAN2 | E35: Pengadaan - Kons. MK | F35: KAK | G35: Pengadaan - Kons. MK | KAK | H35: 11 | I35: =IF(AND(I$3 >= $V35, I$3 <= $W35), $H35, "") | J35: =IF(AND(J$3 >= $V35, J$3 <= $W35), $H35, "") | K35: =IF(AND(K$3 >= $V35, K$3 <= $W35), $H35, "") | L35: =IF(AND(L$3 >= $V35, L$3 <= $W35), $H35, "") | M35: =IF(AND(M$3 >= $V35, M$3 <= $W35), $H35, "") | N35: =IF(AND(N$3 >= $V35, N$3 <= $W35), $H35, "") | O35: =IF(AND(O$3 >= $V35, O$3 <= $W35), $H35, "") | P35: =IF(AND(P$3 >= $V35, P$3 <= $W35), $H35, "") | ... T35: =IF(AND(T$3 >= $V35, T$3 <= $W35), $H35, "") | U35: FALSE | V35: 46296 | W35: 46327 | X35: Q1 | Z35: NOT STARTED
A36: 33 | B36: Pembangunan DKW Sumut | C36: 1 | D36: GPAN2 | E36: Pengadaan - Kontraktor | F36: KAK | G36: Pengadaan - Kontraktor | KAK | H36: 7 | I36: =IF(AND(I$3 >= $V36, I$3 <= $W36), $H36, "") | J36: =IF(AND(J$3 >= $V36, J$3 <= $W36), $H36, "") | K36: =IF(AND(K$3 >= $V36, K$3 <= $W36), $H36, "") | L36: =IF(AND(L$3 >= $V36, L$3 <= $W36), $H36, "") | M36: =IF(AND(M$3 >= $V36, M$3 <= $W36), $H36, "") | N36: =IF(AND(N$3 >= $V36, N$3 <= $W36), $H36, "") | O36: =IF(AND(O$3 >= $V36, O$3 <= $W36), $H36, "") | P36: =IF(AND(P$3 >= $V36, P$3 <= $W36), $H36, "") | ... T36: =IF(AND(T$3 >= $V36, T$3 <= $W36), $H36, "") -> 7 | U36: FALSE | V36: 46357 | W36: 46357 | X36: Q1 | Z36: NOT STARTED
A37: 34 | B37: Pembangunan DKW Sumut | C37: 1 | D37: GPAN2 | E37: Pengadaan - Kons. MK | F37: SPPP | G37: Pengadaan - Kons. MK | SPPP | H37: 12 | I37: =IF(AND(I$3 >= $V37, I$3 <= $W37), $H37, "") | J37: =IF(AND(J$3 >= $V37, J$3 <= $W37), $H37, "") | K37: =IF(AND(K$3 >= $V37, K$3 <= $W37), $H37, "") | L37: =IF(AND(L$3 >= $V37, L$3 <= $W37), $H37, "") | M37: =IF(AND(M$3 >= $V37, M$3 <= $W37), $H37, "") | N37: =IF(AND(N$3 >= $V37, N$3 <= $W37), $H37, "") | O37: =IF(AND(O$3 >= $V37, O$3 <= $W37), $H37, "") | P37: =IF(AND(P$3 >= $V37, P$3 <= $W37), $H37, "") | ... T37: =IF(AND(T$3 >= $V37, T$3 <= $W37), $H37, "") -> 12 | U37: FALSE | V37: 46357 | W37: 46357 | X37: Q1 | Z37: NOT STARTED
A38: 35 | B38: Pembangunan KPw Jambi | C38: 1 | D38: GPAN2 | E38: Implementasi | F38: Pembangunan Fisik | G38: Implementasi | Pembangunan Fisik | H38: 1 | I38: =IF(AND(I$3 >= $V38, I$3 <= $W38), $H38, "") -> 1 | J38: =IF(AND(J$3 >= $V38, J$3 <= $W38), $H38, "") -> 1 | K38: =IF(AND(K$3 >= $V38, K$3 <= $W38), $H38, "") -> 1 | L38: =IF(AND(L$3 >= $V38, L$3 <= $W38), $H38, "") -> 1 | M38: =IF(AND(M$3 >= $V38, M$3 <= $W38), $H38, "") -> 1 | N38: =IF(AND(N$3 >= $V38, N$3 <= $W38), $H38, "") -> 1 | O38: =IF(AND(O$3 >= $V38, O$3 <= $W38), $H38, "") -> 1 | P38: =IF(AND(P$3 >= $V38, P$3 <= $W38), $H38, "") -> 1 | ... T38: =IF(AND(T$3 >= $V38, T$3 <= $W38), $H38, "") -> 1 | U38: TRUE | V38: 46023 | W38: 46357 | X38: Q1 | Z38: ON TRACK
A39: 36 | B39: Pembangunan KPw Sulawesi Tengah | C39: 1 | D39: GPAN1 | E39: Pra Pembangunan dan Pra Pengadaan | F39: RPP | G39: Pra Pembangunan dan Pra Pengadaan | RPP | H39: 4 | I39: =IF(AND(I$3 >= $V39, I$3 <= $W39), $H39, "") | J39: =IF(AND(J$3 >= $V39, J$3 <= $W39), $H39, "") | K39: =IF(AND(K$3 >= $V39, K$3 <= $W39), $H39, "") | L39: =IF(AND(L$3 >= $V39, L$3 <= $W39), $H39, "") | M39: =IF(AND(M$3 >= $V39, M$3 <= $W39), $H39, "") | N39: =IF(AND(N$3 >= $V39, N$3 <= $W39), $H39, "") -> 4 | O39: =IF(AND(O$3 >= $V39, O$3 <= $W39), $H39, "") | P39: =IF(AND(P$3 >= $V39, P$3 <= $W39), $H39, "") | ... T39: =IF(AND(T$3 >= $V39, T$3 <= $W39), $H39, "") | U39: TRUE | V39: 46174 | W39: 46174 | X39: Q1 | Y39: 46255 | Z39: ON TRACK | AC39: sulteng tanpa rbt
A40: 37 | B40: Pembangunan KPw Sulawesi Tengah | C40: 1 | D40: GPAN1 | E40: Pra Pembangunan dan Pra Pengadaan | F40: RBTek | G40: Pra Pembangunan dan Pra Pengadaan | RBTek | H40: 6 | I40: =IF(AND(I$3 >= $V40, I$3 <= $W40), $H40, "") | J40: =IF(AND(J$3 >= $V40, J$3 <= $W40), $H40, "") | K40: =IF(AND(K$3 >= $V40, K$3 <= $W40), $H40, "") | L40: =IF(AND(L$3 >= $V40, L$3 <= $W40), $H40, "") | M40: =IF(AND(M$3 >= $V40, M$3 <= $W40), $H40, "") | N40: =IF(AND(N$3 >= $V40, N$3 <= $W40), $H40, "") | O40: =IF(AND(O$3 >= $V40, O$3 <= $W40), $H40, "") | P40: =IF(AND(P$3 >= $V40, P$3 <= $W40), $H40, "") | ... T40: =IF(AND(T$3 >= $V40, T$3 <= $W40), $H40, "") | U40: FALSE | V40: 46266 | W40: 46266 | X40: Q1 | Z40: ON TRACK
A41: 38 | B41: Pembangunan KPw Sulawesi Tengah | C41: 1 | D41: GPAN1 | E41: Pengadaan - Kons. MK | F41: KAK | G41: Pengadaan - Kons. MK | KAK | H41: 11 | I41: =IF(AND(I$3 >= $V41, I$3 <= $W41), $H41, "") | J41: =IF(AND(J$3 >= $V41, J$3 <= $W41), $H41, "") -> 11 | K41: =IF(AND(K$3 >= $V41, K$3 <= $W41), $H41, "") -> 11 | L41: =IF(AND(L$3 >= $V41, L$3 <= $W41), $H41, "") -> 11 | M41: =IF(AND(M$3 >= $V41, M$3 <= $W41), $H41, "") -> 11 | N41: =IF(AND(N$3 >= $V41, N$3 <= $W41), $H41, "") | O41: =IF(AND(O$3 >= $V41, O$3 <= $W41), $H41, "") | P41: =IF(AND(P$3 >= $V41, P$3 <= $W41), $H41, "") | ... T41: =IF(AND(T$3 >= $V41, T$3 <= $W41), $H41, "") | U41: TRUE | V41: 46054 | W41: 46143 | X41: Q1 | Y41: 46094 | Z41: ON TRACK | AC41: MK bundling dengan GKS. Kontraktor ttp masing2. Pembangunan di oktober, BAST Desember
A42: 39 | B42: Pembangunan KPw Sulawesi Tengah | C42: 1 | D42: GPAN1 | E42: Pengadaan - Kontraktor | F42: KAK | G42: Pengadaan - Kontraktor | KAK | H42: 7 | I42: =IF(AND(I$3 >= $V42, I$3 <= $W42), $H42, "") | J42: =IF(AND(J$3 >= $V42, J$3 <= $W42), $H42, "") | K42: =IF(AND(K$3 >= $V42, K$3 <= $W42), $H42, "") | L42: =IF(AND(L$3 >= $V42, L$3 <= $W42), $H42, "") | M42: =IF(AND(M$3 >= $V42, M$3 <= $W42), $H42, "") | N42: =IF(AND(N$3 >= $V42, N$3 <= $W42), $H42, "") | O42: =IF(AND(O$3 >= $V42, O$3 <= $W42), $H42, "") | P42: =IF(AND(P$3 >= $V42, P$3 <= $W42), $H42, "") | ... T42: =IF(AND(T$3 >= $V42, T$3 <= $W42), $H42, "") | U42: FALSE | V42: 46266 | W42: 46327 | X42: Q1 | Z42: ON TRACK
A43: 40 | B43: Pembangunan KPw Sulawesi Tengah | C43: 1 | D43: GPAN1 | E43: Pengadaan - Kons. MK | F43: SPPP | G43: Pengadaan - Kons. MK | SPPP | H43: 12 | I43: =IF(AND(I$3 >= $V43, I$3 <= $W43), $H43, "") | J43: =IF(AND(J$3 >= $V43, J$3 <= $W43), $H43, "") | K43: =IF(AND(K$3 >= $V43, K$3 <= $W43), $H43, "") | L43: =IF(AND(L$3 >= $V43, L$3 <= $W43), $H43, "") | M43: =IF(AND(M$3 >= $V43, M$3 <= $W43), $H43, "") | N43: =IF(AND(N$3 >= $V43, N$3 <= $W43), $H43, "") -> 12 | O43: =IF(AND(O$3 >= $V43, O$3 <= $W43), $H43, "") | P43: =IF(AND(P$3 >= $V43, P$3 <= $W43), $H43, "") | ... T43: =IF(AND(T$3 >= $V43, T$3 <= $W43), $H43, "") | U43: TRUE | V43: 46174 | W43: 46174 | X43: Q1 | Y43: 46232 | Z43: ON TRACK
A44: 41 | B44: Pembangunan KPw Sulawesi Tengah | C44: 1 | D44: GPAN1 | E44: Pengadaan - Kontraktor | F44: SPPP | G44: Pengadaan - Kontraktor | SPPP | H44: 8 | I44: =IF(AND(I$3 >= $V44, I$3 <= $W44), $H44, "") | J44: =IF(AND(J$3 >= $V44, J$3 <= $W44), $H44, "") | K44: =IF(AND(K$3 >= $V44, K$3 <= $W44), $H44, "") | L44: =IF(AND(L$3 >= $V44, L$3 <= $W44), $H44, "") | M44: =IF(AND(M$3 >= $V44, M$3 <= $W44), $H44, "") | N44: =IF(AND(N$3 >= $V44, N$3 <= $W44), $H44, "") | O44: =IF(AND(O$3 >= $V44, O$3 <= $W44), $H44, "") | P44: =IF(AND(P$3 >= $V44, P$3 <= $W44), $H44, "") | ... T44: =IF(AND(T$3 >= $V44, T$3 <= $W44), $H44, "") -> 8 | U44: FALSE | V44: 46357 | W44: 46357 | X44: Q1 | Z44: NOT STARTED
A45: 42 | B45: Pembangunan KPw DKI Jakarta | C45: 1 | D45: GPAN1 | E45: Pra Pembangunan dan Pra Pengadaan | F45: RBT | G45: Pra Pembangunan dan Pra Pengadaan | RBT | H45: 5 | I45: =IF(AND(I$3 >= $V45, I$3 <= $W45), $H45, "") | J45: =IF(AND(J$3 >= $V45, J$3 <= $W45), $H45, "") | K45: =IF(AND(K$3 >= $V45, K$3 <= $W45), $H45, "") | L45: =IF(AND(L$3 >= $V45, L$3 <= $W45), $H45, "") | M45: =IF(AND(M$3 >= $V45, M$3 <= $W45), $H45, "") | N45: =IF(AND(N$3 >= $V45, N$3 <= $W45), $H45, "") -> 5 | O45: =IF(AND(O$3 >= $V45, O$3 <= $W45), $H45, "") | P45: =IF(AND(P$3 >= $V45, P$3 <= $W45), $H45, "") | ... T45: =IF(AND(T$3 >= $V45, T$3 <= $W45), $H45, "") | U45: TRUE | V45: 46174 | W45: 46174 | X45: Q1 | Y45: 46212 | Z45: ON TRACK
A46: 43 | B46: Pembangunan KPw DKI Jakarta | C46: 1 | D46: GPAN1 | E46: Pra Pembangunan dan Pra Pengadaan | F46: RPP | G46: Pra Pembangunan dan Pra Pengadaan | RPP | H46: 4 | I46: =IF(AND(I$3 >= $V46, I$3 <= $W46), $H46, "") | J46: =IF(AND(J$3 >= $V46, J$3 <= $W46), $H46, "") | K46: =IF(AND(K$3 >= $V46, K$3 <= $W46), $H46, "") | L46: =IF(AND(L$3 >= $V46, L$3 <= $W46), $H46, "") | M46: =IF(AND(M$3 >= $V46, M$3 <= $W46), $H46, "") | N46: =IF(AND(N$3 >= $V46, N$3 <= $W46), $H46, "") | O46: =IF(AND(O$3 >= $V46, O$3 <= $W46), $H46, "") | P46: =IF(AND(P$3 >= $V46, P$3 <= $W46), $H46, "") -> 4 | ... T46: =IF(AND(T$3 >= $V46, T$3 <= $W46), $H46, "") | U46: FALSE | V46: 46235 | W46: 46235 | X46: Q1 | Z46: BEHIND | AC46: Ada jadwal RBT di MEI
A47: 44 | B47: Pembangunan KPw DKI Jakarta | C47: 1 | D47: GPAN1 | E47: Pra Pembangunan dan Pra Pengadaan | F47: RBTek | G47: Pra Pembangunan dan Pra Pengadaan | RBTek | H47: 6 | I47: =IF(AND(I$3 >= $V47, I$3 <= $W47), $H47, "") | J47: =IF(AND(J$3 >= $V47, J$3 <= $W47), $H47, "") | K47: =IF(AND(K$3 >= $V47, K$3 <= $W47), $H47, "") | L47: =IF(AND(L$3 >= $V47, L$3 <= $W47), $H47, "") | M47: =IF(AND(M$3 >= $V47, M$3 <= $W47), $H47, "") | N47: =IF(AND(N$3 >= $V47, N$3 <= $W47), $H47, "") | O47: =IF(AND(O$3 >= $V47, O$3 <= $W47), $H47, "") | P47: =IF(AND(P$3 >= $V47, P$3 <= $W47), $H47, "") | ... T47: =IF(AND(T$3 >= $V47, T$3 <= $W47), $H47, "") | U47: FALSE | V47: 46296 | W47: 46296 | X47: Q1 | Z47: NOT STARTED
A48: 45 | B48: Pembangunan KPw DKI Jakarta | C48: 1 | D48: GPAN1 | E48: Pengadaan - Kons. MK | F48: KAK | G48: Pengadaan - Kons. MK | KAK | H48: 11 | I48: =IF(AND(I$3 >= $V48, I$3 <= $W48), $H48, "") | J48: =IF(AND(J$3 >= $V48, J$3 <= $W48), $H48, "") | K48: =IF(AND(K$3 >= $V48, K$3 <= $W48), $H48, "") | L48: =IF(AND(L$3 >= $V48, L$3 <= $W48), $H48, "") -> 11 | M48: =IF(AND(M$3 >= $V48, M$3 <= $W48), $H48, "") -> 11 | N48: =IF(AND(N$3 >= $V48, N$3 <= $W48), $H48, "") -> 11 | O48: =IF(AND(O$3 >= $V48, O$3 <= $W48), $H48, "") -> 11 | P48: =IF(AND(P$3 >= $V48, P$3 <= $W48), $H48, "") | ... T48: =IF(AND(T$3 >= $V48, T$3 <= $W48), $H48, "") | U48: TRUE | V48: 46113 | W48: 46204 | X48: Q1 | Y48: 46128 | Z48: ON TRACK | AB48: 28/68/DPAN-GPAN1/M.01/B
A49: 46 | B49: Pembangunan KPw DKI Jakarta | C49: 1 | D49: GPAN1 | E49: Pengadaan - Kontraktor | F49: KAK | G49: Pengadaan - Kontraktor | KAK | H49: 7 | I49: =IF(AND(I$3 >= $V49, I$3 <= $W49), $H49, "") | J49: =IF(AND(J$3 >= $V49, J$3 <= $W49), $H49, "") | K49: =IF(AND(K$3 >= $V49, K$3 <= $W49), $H49, "") | L49: =IF(AND(L$3 >= $V49, L$3 <= $W49), $H49, "") | M49: =IF(AND(M$3 >= $V49, M$3 <= $W49), $H49, "") | N49: =IF(AND(N$3 >= $V49, N$3 <= $W49), $H49, "") | O49: =IF(AND(O$3 >= $V49, O$3 <= $W49), $H49, "") | P49: =IF(AND(P$3 >= $V49, P$3 <= $W49), $H49, "") | ... T49: =IF(AND(T$3 >= $V49, T$3 <= $W49), $H49, "") -> 7 | U49: FALSE | V49: 46296 | W49: 46357 | X49: Q1 | Z49: NOT STARTED
A50: 47 | B50: Pembangunan KPw DKI Jakarta | C50: 1 | D50: GPAN1 | E50: Pengadaan - Kons. Perancang | F50: SPPP | G50: Pengadaan - Kons. Perancang | SPPP | H50: 10 | I50: =IF(AND(I$3 >= $V50, I$3 <= $W50), $H50, "") | J50: =IF(AND(J$3 >= $V50, J$3 <= $W50), $H50, "") | K50: =IF(AND(K$3 >= $V50, K$3 <= $W50), $H50, "") | L50: =IF(AND(L$3 >= $V50, L$3 <= $W50), $H50, "") -> 10 | M50: =IF(AND(M$3 >= $V50, M$3 <= $W50), $H50, "") -> 10 | N50: =IF(AND(N$3 >= $V50, N$3 <= $W50), $H50, "") -> 10 | O50: =IF(AND(O$3 >= $V50, O$3 <= $W50), $H50, "") -> 10 | P50: =IF(AND(P$3 >= $V50, P$3 <= $W50), $H50, "") -> 10 | ... T50: =IF(AND(T$3 >= $V50, T$3 <= $W50), $H50, "") | U50: TRUE | V50: 46113 | W50: 46266 | X50: Q1 | Y50: 46122 | Z50: ON TRACK | AB50: 28/36/DMAP-GPPS/Srt/B | AC50: Kick Off: 16 Apr 2026
A51: 48 | B51: Pembangunan KPw DKI Jakarta | C51: 1 | D51: GPAN1 | E51: Pengadaan - Kons. MK | F51: SPPP | G51: Pengadaan - Kons. MK | SPPP | H51: 12 | I51: =IF(AND(I$3 >= $V51, I$3 <= $W51), $H51, "") | J51: =IF(AND(J$3 >= $V51, J$3 <= $W51), $H51, "") | K51: =IF(AND(K$3 >= $V51, K$3 <= $W51), $H51, "") | L51: =IF(AND(L$3 >= $V51, L$3 <= $W51), $H51, "") | M51: =IF(AND(M$3 >= $V51, M$3 <= $W51), $H51, "") | N51: =IF(AND(N$3 >= $V51, N$3 <= $W51), $H51, "") | O51: =IF(AND(O$3 >= $V51, O$3 <= $W51), $H51, "") | P51: =IF(AND(P$3 >= $V51, P$3 <= $W51), $H51, "") -> 12 | ... T51: =IF(AND(T$3 >= $V51, T$3 <= $W51), $H51, "") | U51: TRUE | V51: 46235 | W51: 46235 | X51: Q1 | Y51: 46238 | Z51: ON TRACK | AB51: 28/111/DMAP-GPPS/Srt/B
A52: 49 | B52: Pembelian Lahan DKW Sumatera Utara | C52: 1 | D52: KPAP | E52: Pra Pembangunan dan Pra Pengadaan | F52: RPP | G52: Pra Pembangunan dan Pra Pengadaan | RPP | H52: 4 | I52: =IF(AND(I$3 >= $V52, I$3 <= $W52), $H52, "") | J52: =IF(AND(J$3 >= $V52, J$3 <= $W52), $H52, "") | K52: =IF(AND(K$3 >= $V52, K$3 <= $W52), $H52, "") | L52: =IF(AND(L$3 >= $V52, L$3 <= $W52), $H52, "") | M52: =IF(AND(M$3 >= $V52, M$3 <= $W52), $H52, "") | N52: =IF(AND(N$3 >= $V52, N$3 <= $W52), $H52, "") -> 4 | O52: =IF(AND(O$3 >= $V52, O$3 <= $W52), $H52, "") | P52: =IF(AND(P$3 >= $V52, P$3 <= $W52), $H52, "") | ... T52: =IF(AND(T$3 >= $V52, T$3 <= $W52), $H52, "") | U52: FALSE | V52: 46174 | W52: 46174 | X52: Q3 | Z52: BEHIND | AC52: Ada jadwal RBT di MEI
A53: 50 | B53: Pembelian Lahan DKW Sumatera Utara | C53: 1 | D53: KPAP | E53: Pengadaan - Lahan | F53: KAK | G53: Pengadaan - Lahan | KAK | H53: 13 | I53: =IF(AND(I$3 >= $V53, I$3 <= $W53), $H53, "") | J53: =IF(AND(J$3 >= $V53, J$3 <= $W53), $H53, "") | K53: =IF(AND(K$3 >= $V53, K$3 <= $W53), $H53, "") | L53: =IF(AND(L$3 >= $V53, L$3 <= $W53), $H53, "") | M53: =IF(AND(M$3 >= $V53, M$3 <= $W53), $H53, "") | N53: =IF(AND(N$3 >= $V53, N$3 <= $W53), $H53, "") | O53: =IF(AND(O$3 >= $V53, O$3 <= $W53), $H53, "") | P53: =IF(AND(P$3 >= $V53, P$3 <= $W53), $H53, "") -> 13 | ... T53: =IF(AND(T$3 >= $V53, T$3 <= $W53), $H53, "") | U53: FALSE | V53: 46235 | W53: 46235 | X53: Q3 | Z53: BEHIND
A54: 51 | B54: Pembelian Lahan DKW Sumatera Utara | C54: 1 | D54: KPAP | E54: Pengadaan - Lahan | F54: AJB | G54: Pengadaan - Lahan | AJB | H54: 14 | I54: =IF(AND(I$3 >= $V54, I$3 <= $W54), $H54, "") | J54: =IF(AND(J$3 >= $V54, J$3 <= $W54), $H54, "") | K54: =IF(AND(K$3 >= $V54, K$3 <= $W54), $H54, "") | L54: =IF(AND(L$3 >= $V54, L$3 <= $W54), $H54, "") | M54: =IF(AND(M$3 >= $V54, M$3 <= $W54), $H54, "") | N54: =IF(AND(N$3 >= $V54, N$3 <= $W54), $H54, "") | O54: =IF(AND(O$3 >= $V54, O$3 <= $W54), $H54, "") | P54: =IF(AND(P$3 >= $V54, P$3 <= $W54), $H54, "") | ... T54: =IF(AND(T$3 >= $V54, T$3 <= $W54), $H54, "") | U54: FALSE | V54: 46266 | W54: 46266 | X54: Q3 | Z54: ON TRACK
A55: 52 | B55: Pembelian Lahan DKW Sumatera Selatan | C55: 1 | D55: KPAP | E55: Pra Pembangunan dan Pra Pengadaan | F55: RPP | G55: Pra Pembangunan dan Pra Pengadaan | RPP | H55: 4 | I55: =IF(AND(I$3 >= $V55, I$3 <= $W55), $H55, "") | J55: =IF(AND(J$3 >= $V55, J$3 <= $W55), $H55, "") | K55: =IF(AND(K$3 >= $V55, K$3 <= $W55), $H55, "") | L55: =IF(AND(L$3 >= $V55, L$3 <= $W55), $H55, "") | M55: =IF(AND(M$3 >= $V55, M$3 <= $W55), $H55, "") | N55: =IF(AND(N$3 >= $V55, N$3 <= $W55), $H55, "") -> 4 | O55: =IF(AND(O$3 >= $V55, O$3 <= $W55), $H55, "") | P55: =IF(AND(P$3 >= $V55, P$3 <= $W55), $H55, "") | ... T55: =IF(AND(T$3 >= $V55, T$3 <= $W55), $H55, "") | U55: FALSE | V55: 46174 | W55: 46174 | X55: Q3 | Z55: BEHIND
A56: 53 | B56: Pembelian Lahan DKW Sumatera Selatan | C56: 1 | D56: KPAP | E56: Pengadaan - Lahan | F56: KAK | G56: Pengadaan - Lahan | KAK | H56: 13 | I56: =IF(AND(I$3 >= $V56, I$3 <= $W56), $H56, "") | J56: =IF(AND(J$3 >= $V56, J$3 <= $W56), $H56, "") | K56: =IF(AND(K$3 >= $V56, K$3 <= $W56), $H56, "") | L56: =IF(AND(L$3 >= $V56, L$3 <= $W56), $H56, "") | M56: =IF(AND(M$3 >= $V56, M$3 <= $W56), $H56, "") | N56: =IF(AND(N$3 >= $V56, N$3 <= $W56), $H56, "") | O56: =IF(AND(O$3 >= $V56, O$3 <= $W56), $H56, "") | P56: =IF(AND(P$3 >= $V56, P$3 <= $W56), $H56, "") -> 13 | ... T56: =IF(AND(T$3 >= $V56, T$3 <= $W56), $H56, "") | U56: FALSE | V56: 46235 | W56: 46235 | X56: Q3 | Z56: BEHIND
A57: 54 | B57: Pembelian Lahan DKW Sumatera Selatan | C57: 1 | D57: KPAP | E57: Pengadaan - Lahan | F57: AJB | G57: Pengadaan - Lahan | AJB | H57: 14 | I57: =IF(AND(I$3 >= $V57, I$3 <= $W57), $H57, "") | J57: =IF(AND(J$3 >= $V57, J$3 <= $W57), $H57, "") | K57: =IF(AND(K$3 >= $V57, K$3 <= $W57), $H57, "") | L57: =IF(AND(L$3 >= $V57, L$3 <= $W57), $H57, "") | M57: =IF(AND(M$3 >= $V57, M$3 <= $W57), $H57, "") | N57: =IF(AND(N$3 >= $V57, N$3 <= $W57), $H57, "") | O57: =IF(AND(O$3 >= $V57, O$3 <= $W57), $H57, "") | P57: =IF(AND(P$3 >= $V57, P$3 <= $W57), $H57, "") | ... T57: =IF(AND(T$3 >= $V57, T$3 <= $W57), $H57, "") | U57: FALSE | V57: 46266 | W57: 46266 | X57: Q3 | Z57: ON TRACK
A58: 55 | B58: Pembelian Lahan KPw Aceh | C58: 2 | D58: KPAP | E58: Pra Pembangunan dan Pra Pengadaan | F58: RPP | G58: Pra Pembangunan dan Pra Pengadaan | RPP | H58: 4 | I58: =IF(AND(I$3 >= $V58, I$3 <= $W58), $H58, "") | J58: =IF(AND(J$3 >= $V58, J$3 <= $W58), $H58, "") | K58: =IF(AND(K$3 >= $V58, K$3 <= $W58), $H58, "") | L58: =IF(AND(L$3 >= $V58, L$3 <= $W58), $H58, "") | M58: =IF(AND(M$3 >= $V58, M$3 <= $W58), $H58, "") | N58: =IF(AND(N$3 >= $V58, N$3 <= $W58), $H58, "") | O58: =IF(AND(O$3 >= $V58, O$3 <= $W58), $H58, "") | P58: =IF(AND(P$3 >= $V58, P$3 <= $W58), $H58, "") | ... T58: =IF(AND(T$3 >= $V58, T$3 <= $W58), $H58, "") | U58: FALSE | X58: Q4
A59: 56 | B59: Pembelian Lahan KPw Aceh | C59: 2 | D59: KPAP | E59: Pengadaan - Lahan | F59: KAK | G59: Pengadaan - Lahan | KAK | H59: 13 | I59: =IF(AND(I$3 >= $V59, I$3 <= $W59), $H59, "") | J59: =IF(AND(J$3 >= $V59, J$3 <= $W59), $H59, "") | K59: =IF(AND(K$3 >= $V59, K$3 <= $W59), $H59, "") | L59: =IF(AND(L$3 >= $V59, L$3 <= $W59), $H59, "") | M59: =IF(AND(M$3 >= $V59, M$3 <= $W59), $H59, "") | N59: =IF(AND(N$3 >= $V59, N$3 <= $W59), $H59, "") | O59: =IF(AND(O$3 >= $V59, O$3 <= $W59), $H59, "") | P59: =IF(AND(P$3 >= $V59, P$3 <= $W59), $H59, "") | ... T59: =IF(AND(T$3 >= $V59, T$3 <= $W59), $H59, "") | U59: FALSE | V59: 46296 | W59: 46327 | X59: Q4 | Z59: NOT STARTED
A60: 57 | B60: Pembelian Lahan KPw Aceh | C60: 2 | D60: KPAP | E60: Pengadaan - Lahan | F60: AJB | G60: Pengadaan - Lahan | AJB | H60: 14 | I60: =IF(AND(I$3 >= $V60, I$3 <= $W60), $H60, "") | J60: =IF(AND(J$3 >= $V60, J$3 <= $W60), $H60, "") | K60: =IF(AND(K$3 >= $V60, K$3 <= $W60), $H60, "") | L60: =IF(AND(L$3 >= $V60, L$3 <= $W60), $H60, "") | M60: =IF(AND(M$3 >= $V60, M$3 <= $W60), $H60, "") | N60: =IF(AND(N$3 >= $V60, N$3 <= $W60), $H60, "") | O60: =IF(AND(O$3 >= $V60, O$3 <= $W60), $H60, "") | P60: =IF(AND(P$3 >= $V60, P$3 <= $W60), $H60, "") | ... T60: =IF(AND(T$3 >= $V60, T$3 <= $W60), $H60, "") -> 14 | U60: FALSE | V60: 46357 | W60: 46357 | X60: Q4 | Z60: NOT STARTED
A61: 58 | B61: Pembelian Lahan KPw Bengkulu | C61: 2 | D61: KPAP | E61: Pra Pembangunan dan Pra Pengadaan | F61: RPP | G61: Pra Pembangunan dan Pra Pengadaan | RPP | H61: 4 | I61: =IF(AND(I$3 >= $V61, I$3 <= $W61), $H61, "") | J61: =IF(AND(J$3 >= $V61, J$3 <= $W61), $H61, "") -> 4 | K61: =IF(AND(K$3 >= $V61, K$3 <= $W61), $H61, "") | L61: =IF(AND(L$3 >= $V61, L$3 <= $W61), $H61, "") | M61: =IF(AND(M$3 >= $V61, M$3 <= $W61), $H61, "") | N61: =IF(AND(N$3 >= $V61, N$3 <= $W61), $H61, "") | O61: =IF(AND(O$3 >= $V61, O$3 <= $W61), $H61, "") | P61: =IF(AND(P$3 >= $V61, P$3 <= $W61), $H61, "") | ... T61: =IF(AND(T$3 >= $V61, T$3 <= $W61), $H61, "") | U61: TRUE | V61: 46054 | W61: 46054 | X61: Q4 | Z61: ON TRACK
A62: 59 | B62: Pembelian Lahan KPw Bengkulu | C62: 2 | D62: KPAP | E62: Pengadaan - Lahan | F62: KAK | G62: Pengadaan - Lahan | KAK | H62: 13 | I62: =IF(AND(I$3 >= $V62, I$3 <= $W62), $H62, "") | J62: =IF(AND(J$3 >= $V62, J$3 <= $W62), $H62, "") | K62: =IF(AND(K$3 >= $V62, K$3 <= $W62), $H62, "") | L62: =IF(AND(L$3 >= $V62, L$3 <= $W62), $H62, "") | M62: =IF(AND(M$3 >= $V62, M$3 <= $W62), $H62, "") | N62: =IF(AND(N$3 >= $V62, N$3 <= $W62), $H62, "") | O62: =IF(AND(O$3 >= $V62, O$3 <= $W62), $H62, "") | P62: =IF(AND(P$3 >= $V62, P$3 <= $W62), $H62, "") | ... T62: =IF(AND(T$3 >= $V62, T$3 <= $W62), $H62, "") | U62: TRUE | V62: 46296 | W62: 46327 | X62: Q4 | Y62: 46091 | Z62: AHEAD
A63: 60 | B63: Pembelian Lahan KPw Bengkulu | C63: 2 | D63: KPAP | E63: Pengadaan - Lahan | F63: AJB | G63: Pengadaan - Lahan | AJB | H63: 14 | I63: =IF(AND(I$3 >= $V63, I$3 <= $W63), $H63, "") | J63: =IF(AND(J$3 >= $V63, J$3 <= $W63), $H63, "") | K63: =IF(AND(K$3 >= $V63, K$3 <= $W63), $H63, "") | L63: =IF(AND(L$3 >= $V63, L$3 <= $W63), $H63, "") | M63: =IF(AND(M$3 >= $V63, M$3 <= $W63), $H63, "") | N63: =IF(AND(N$3 >= $V63, N$3 <= $W63), $H63, "") | O63: =IF(AND(O$3 >= $V63, O$3 <= $W63), $H63, "") | P63: =IF(AND(P$3 >= $V63, P$3 <= $W63), $H63, "") | ... T63: =IF(AND(T$3 >= $V63, T$3 <= $W63), $H63, "") -> 14 | U63: TRUE | V63: 46357 | W63: 46357 | X63: Q4 | Z63: AHEAD
A64: 61 | B64: Pembelian Lahan KPw Maluku | C64: 1 | D64: KPAP | E64: Pra Pembangunan dan Pra Pengadaan | F64: RPP | G64: Pra Pembangunan dan Pra Pengadaan | RPP | H64: 4 | I64: =IF(AND(I$3 >= $V64, I$3 <= $W64), $H64, "") | J64: =IF(AND(J$3 >= $V64, J$3 <= $W64), $H64, "") | K64: =IF(AND(K$3 >= $V64, K$3 <= $W64), $H64, "") | L64: =IF(AND(L$3 >= $V64, L$3 <= $W64), $H64, "") | M64: =IF(AND(M$3 >= $V64, M$3 <= $W64), $H64, "") | N64: =IF(AND(N$3 >= $V64, N$3 <= $W64), $H64, "") | O64: =IF(AND(O$3 >= $V64, O$3 <= $W64), $H64, "") | P64: =IF(AND(P$3 >= $V64, P$3 <= $W64), $H64, "") | ... T64: =IF(AND(T$3 >= $V64, T$3 <= $W64), $H64, "") | U64: FALSE | X64: Q4
A65: 62 | B65: Pembelian Lahan KPw Maluku | C65: 1 | D65: KPAP | E65: Pengadaan - Lahan | F65: KAK | G65: Pengadaan - Lahan | KAK | H65: 13 | I65: =IF(AND(I$3 >= $V65, I$3 <= $W65), $H65, "") | J65: =IF(AND(J$3 >= $V65, J$3 <= $W65), $H65, "") | K65: =IF(AND(K$3 >= $V65, K$3 <= $W65), $H65, "") | L65: =IF(AND(L$3 >= $V65, L$3 <= $W65), $H65, "") | M65: =IF(AND(M$3 >= $V65, M$3 <= $W65), $H65, "") | N65: =IF(AND(N$3 >= $V65, N$3 <= $W65), $H65, "") | O65: =IF(AND(O$3 >= $V65, O$3 <= $W65), $H65, "") | P65: =IF(AND(P$3 >= $V65, P$3 <= $W65), $H65, "") | ... T65: =IF(AND(T$3 >= $V65, T$3 <= $W65), $H65, "") | U65: FALSE | V65: 46296 | W65: 46327 | X65: Q4 | Z65: NOT STARTED
A66: 63 | B66: Pembelian Lahan KPw Maluku | C66: 1 | D66: KPAP | E66: Pengadaan - Lahan | F66: AJB | G66: Pengadaan - Lahan | AJB | H66: 14 | I66: =IF(AND(I$3 >= $V66, I$3 <= $W66), $H66, "") | J66: =IF(AND(J$3 >= $V66, J$3 <= $W66), $H66, "") | K66: =IF(AND(K$3 >= $V66, K$3 <= $W66), $H66, "") | L66: =IF(AND(L$3 >= $V66, L$3 <= $W66), $H66, "") | M66: =IF(AND(M$3 >= $V66, M$3 <= $W66), $H66, "") | N66: =IF(AND(N$3 >= $V66, N$3 <= $W66), $H66, "") | O66: =IF(AND(O$3 >= $V66, O$3 <= $W66), $H66, "") | P66: =IF(AND(P$3 >= $V66, P$3 <= $W66), $H66, "") | ... T66: =IF(AND(T$3 >= $V66, T$3 <= $W66), $H66, "") -> 14 | U66: FALSE | V66: 46357 | W66: 46357 | X66: Q4 | Z66: NOT STARTED
A67: 64 | B67: Pembelian Lahan KPw Sulawesi Barat | C67: 1 | D67: KPAP | E67: Pengadaan - Lahan | F67: KAK | G67: Pengadaan - Lahan | KAK | H67: 13 | I67: =IF(AND(I$3 >= $V67, I$3 <= $W67), $H67, "") | J67: =IF(AND(J$3 >= $V67, J$3 <= $W67), $H67, "") | K67: =IF(AND(K$3 >= $V67, K$3 <= $W67), $H67, "") | L67: =IF(AND(L$3 >= $V67, L$3 <= $W67), $H67, "") | M67: =IF(AND(M$3 >= $V67, M$3 <= $W67), $H67, "") | N67: =IF(AND(N$3 >= $V67, N$3 <= $W67), $H67, "") | O67: =IF(AND(O$3 >= $V67, O$3 <= $W67), $H67, "") | P67: =IF(AND(P$3 >= $V67, P$3 <= $W67), $H67, "") | ... T67: =IF(AND(T$3 >= $V67, T$3 <= $W67), $H67, "") | U67: FALSE | V67: 46296 | W67: 46327 | X67: Q4 | Z67: NOT STARTED
A68: 65 | B68: Pembelian Lahan KPw Sulawesi Barat | C68: 1 | D68: KPAP | E68: Pengadaan - Lahan | F68: AJB | G68: Pengadaan - Lahan | AJB | H68: 14 | I68: =IF(AND(I$3 >= $V68, I$3 <= $W68), $H68, "") | J68: =IF(AND(J$3 >= $V68, J$3 <= $W68), $H68, "") | K68: =IF(AND(K$3 >= $V68, K$3 <= $W68), $H68, "") | L68: =IF(AND(L$3 >= $V68, L$3 <= $W68), $H68, "") | M68: =IF(AND(M$3 >= $V68, M$3 <= $W68), $H68, "") | N68: =IF(AND(N$3 >= $V68, N$3 <= $W68), $H68, "") | O68: =IF(AND(O$3 >= $V68, O$3 <= $W68), $H68, "") | P68: =IF(AND(P$3 >= $V68, P$3 <= $W68), $H68, "") | ... T68: =IF(AND(T$3 >= $V68, T$3 <= $W68), $H68, "") -> 14 | U68: FALSE | V68: 46357 | W68: 46357 | X68: Q4 | Z68: NOT STARTED
A69: 66 | B69: Renovasi Gedung Fasos | C69: 1 | D69: GPAN1 | E69: Pra Pembangunan dan Pra Pengadaan | F69: RBT | G69: Pra Pembangunan dan Pra Pengadaan | RBT | H69: 5 | N69: =IF(AND(N$3 >= $V69, N$3 <= $W69), $H69, "") -> 5 | U69: TRUE | V69: 46174 | W69: 46174 | X69: Q1 | Y69: 46212 | Z69: ON TRACK
A70: 67 | B70: Renovasi Gedung Fasos | C70: 1 | D70: GPAN1 | E70: Pra Pembangunan dan Pra Pengadaan | F70: RPP | G70: Pra Pembangunan dan Pra Pengadaan | RPP | H70: 4 | I70: =IF(AND(I$3 >= $V70, I$3 <= $W70), $H70, "") | J70: =IF(AND(J$3 >= $V70, J$3 <= $W70), $H70, "") | K70: =IF(AND(K$3 >= $V70, K$3 <= $W70), $H70, "") | L70: =IF(AND(L$3 >= $V70, L$3 <= $W70), $H70, "") | M70: =IF(AND(M$3 >= $V70, M$3 <= $W70), $H70, "") | N70: =IF(AND(N$3 >= $V70, N$3 <= $W70), $H70, "") | O70: =IF(AND(O$3 >= $V70, O$3 <= $W70), $H70, "") | P70: =IF(AND(P$3 >= $V70, P$3 <= $W70), $H70, "") | ... T70: =IF(AND(T$3 >= $V70, T$3 <= $W70), $H70, "") | U70: TRUE | V70: 46266 | W70: 46266 | X70: Q1 | Y70: 46231 | Z70: ON TRACK
A71: 68 | B71: Renovasi Gedung Fasos | C71: 1 | D71: GPAN1 | E71: Pra Pembangunan dan Pra Pengadaan | F71: RBTek | G71: Pra Pembangunan dan Pra Pengadaan | RBTek | H71: 6 | I71: =IF(AND(I$3 >= $V71, I$3 <= $W71), $H71, "") | J71: =IF(AND(J$3 >= $V71, J$3 <= $W71), $H71, "") | K71: =IF(AND(K$3 >= $V71, K$3 <= $W71), $H71, "") | L71: =IF(AND(L$3 >= $V71, L$3 <= $W71), $H71, "") | M71: =IF(AND(M$3 >= $V71, M$3 <= $W71), $H71, "") | N71: =IF(AND(N$3 >= $V71, N$3 <= $W71), $H71, "") | O71: =IF(AND(O$3 >= $V71, O$3 <= $W71), $H71, "") | P71: =IF(AND(P$3 >= $V71, P$3 <= $W71), $H71, "") | ... T71: =IF(AND(T$3 >= $V71, T$3 <= $W71), $H71, "") -> 6 | U71: FALSE | V71: 46357 | W71: 46357 | X71: Q1 | Z71: NOT STARTED
A72: 69 | B72: Renovasi Gedung Fasos | C72: 1 | D72: GPAN1 | E72: Pengadaan - Kons. MK | F72: KAK | G72: Pengadaan - Kons. MK | KAK | H72: 11 | I72: =IF(AND(I$3 >= $V72, I$3 <= $W72), $H72, "") | J72: =IF(AND(J$3 >= $V72, J$3 <= $W72), $H72, "") | K72: =IF(AND(K$3 >= $V72, K$3 <= $W72), $H72, "") | L72: =IF(AND(L$3 >= $V72, L$3 <= $W72), $H72, "") -> 11 | M72: =IF(AND(M$3 >= $V72, M$3 <= $W72), $H72, "") -> 11 | N72: =IF(AND(N$3 >= $V72, N$3 <= $W72), $H72, "") -> 11 | O72: =IF(AND(O$3 >= $V72, O$3 <= $W72), $H72, "") -> 11 | P72: =IF(AND(P$3 >= $V72, P$3 <= $W72), $H72, "") | ... T72: =IF(AND(T$3 >= $V72, T$3 <= $W72), $H72, "") | U72: TRUE | V72: 46113 | W72: 46204 | X72: Q1 | Y72: 46122 | Z72: ON TRACK | AB72: 28/62/DPAN-GPAN1/M.01/B | AC72: Gabung Fasos & Gd. E
A73: 70 | B73: Renovasi Gedung Fasos | C73: 1 | D73: GPAN1 | E73: Pengadaan - Kons. Perancang | F73: SPPP | G73: Pengadaan - Kons. Perancang | SPPP | H73: 10 | I73: =IF(AND(I$3 >= $V73, I$3 <= $W73), $H73, "") | J73: =IF(AND(J$3 >= $V73, J$3 <= $W73), $H73, "") | K73: =IF(AND(K$3 >= $V73, K$3 <= $W73), $H73, "") | L73: =IF(AND(L$3 >= $V73, L$3 <= $W73), $H73, "") -> 10 | M73: =IF(AND(M$3 >= $V73, M$3 <= $W73), $H73, "") -> 10 | N73: =IF(AND(N$3 >= $V73, N$3 <= $W73), $H73, "") -> 10 | O73: =IF(AND(O$3 >= $V73, O$3 <= $W73), $H73, "") -> 10 | P73: =IF(AND(P$3 >= $V73, P$3 <= $W73), $H73, "") -> 10 | ... T73: =IF(AND(T$3 >= $V73, T$3 <= $W73), $H73, "") | U73: TRUE | V73: 46113 | W73: 46327 | X73: Q1 | Y73: 46128 | Z73: ON TRACK | AB73: 28/45/DMAP-GPPS/Srt/B | AC73: Kick Off: 17 Apr 2026
A74: 71 | B74: Renovasi Gedung Fasos | C74: 1 | D74: GPAN1 | E74: Pengadaan - Kons. MK | F74: SPPP | G74: Pengadaan - Kons. MK | SPPP | H74: 12 | I74: =IF(AND(I$3 >= $V74, I$3 <= $W74), $H74, "") | J74: =IF(AND(J$3 >= $V74, J$3 <= $W74), $H74, "") | K74: =IF(AND(K$3 >= $V74, K$3 <= $W74), $H74, "") | L74: =IF(AND(L$3 >= $V74, L$3 <= $W74), $H74, "") | M74: =IF(AND(M$3 >= $V74, M$3 <= $W74), $H74, "") | N74: =IF(AND(N$3 >= $V74, N$3 <= $W74), $H74, "") | O74: =IF(AND(O$3 >= $V74, O$3 <= $W74), $H74, "") | P74: =IF(AND(P$3 >= $V74, P$3 <= $W74), $H74, "") -> 12 | ... T74: =IF(AND(T$3 >= $V74, T$3 <= $W74), $H74, "") | U74: TRUE | V74: 46235 | W74: 46235 | X74: Q1 | Y74: 46225 | Z74: ON TRACK
A75: 72 | B75: Renov Besar KPw Bali | C75: 1 | D75: GPAN1 | E75: Implementasi | F75: Pembangunan Fisik | G75: Implementasi | Pembangunan Fisik | H75: 1 | I75: =IF(AND(I$3 >= $V75, I$3 <= $W75), $H75, "") -> 1 | J75: =IF(AND(J$3 >= $V75, J$3 <= $W75), $H75, "") -> 1 | K75: =IF(AND(K$3 >= $V75, K$3 <= $W75), $H75, "") -> 1 | L75: =IF(AND(L$3 >= $V75, L$3 <= $W75), $H75, "") -> 1 | M75: =IF(AND(M$3 >= $V75, M$3 <= $W75), $H75, "") -> 1 | N75: =IF(AND(N$3 >= $V75, N$3 <= $W75), $H75, "") -> 1 | O75: =IF(AND(O$3 >= $V75, O$3 <= $W75), $H75, "") -> 1 | P75: =IF(AND(P$3 >= $V75, P$3 <= $W75), $H75, "") -> 1 | ... T75: =IF(AND(T$3 >= $V75, T$3 <= $W75), $H75, "") -> 1 | U75: TRUE | V75: 46023 | W75: 46357 | X75: Q1 | Z75: ON TRACK
A76: 73 | B76: Renov Besar KPw DIY | C76: 1 | D76: GPAN2 | E76: Pra Pembangunan dan Pra Pengadaan | F76: RPP | G76: Pra Pembangunan dan Pra Pengadaan | RPP | H76: 4 | I76: =IF(AND(I$3 >= $V76, I$3 <= $W76), $H76, "") | J76: =IF(AND(J$3 >= $V76, J$3 <= $W76), $H76, "") | K76: =IF(AND(K$3 >= $V76, K$3 <= $W76), $H76, "") | L76: =IF(AND(L$3 >= $V76, L$3 <= $W76), $H76, "") | M76: =IF(AND(M$3 >= $V76, M$3 <= $W76), $H76, "") -> 4 | N76: =IF(AND(N$3 >= $V76, N$3 <= $W76), $H76, "") | O76: =IF(AND(O$3 >= $V76, O$3 <= $W76), $H76, "") | P76: =IF(AND(P$3 >= $V76, P$3 <= $W76), $H76, "") | ... T76: =IF(AND(T$3 >= $V76, T$3 <= $W76), $H76, "") | U76: TRUE | V76: 46143 | W76: 46173 | X76: Q1 | Y76: 46248 | Z76: ON TRACK
A77: 74 | B77: Renov Besar KPw DIY | C77: 1 | D77: GPAN2 | E77: Pra Pembangunan dan Pra Pengadaan | F77: RBTek | G77: Pra Pembangunan dan Pra Pengadaan | RBTek | H77: 6 | I77: =IF(AND(I$3 >= $V77, I$3 <= $W77), $H77, "") | J77: =IF(AND(J$3 >= $V77, J$3 <= $W77), $H77, "") | K77: =IF(AND(K$3 >= $V77, K$3 <= $W77), $H77, "") | L77: =IF(AND(L$3 >= $V77, L$3 <= $W77), $H77, "") | M77: =IF(AND(M$3 >= $V77, M$3 <= $W77), $H77, "") | N77: =IF(AND(N$3 >= $V77, N$3 <= $W77), $H77, "") | O77: =IF(AND(O$3 >= $V77, O$3 <= $W77), $H77, "") | P77: =IF(AND(P$3 >= $V77, P$3 <= $W77), $H77, "") -> 6 | ... T77: =IF(AND(T$3 >= $V77, T$3 <= $W77), $H77, "") | U77: FALSE | V77: 46235 | W77: 46235 | X77: Q1 | Z77: BEHIND
A78: 75 | B78: Renov Besar KPw DIY | C78: 1 | D78: GPAN2 | E78: Pengadaan - Kons. MK | F78: KAK | G78: Pengadaan - Kons. MK | KAK | H78: 11 | I78: =IF(AND(I$3 >= $V78, I$3 <= $W78), $H78, "") | J78: =IF(AND(J$3 >= $V78, J$3 <= $W78), $H78, "") -> 11 | K78: =IF(AND(K$3 >= $V78, K$3 <= $W78), $H78, "") -> 11 | L78: =IF(AND(L$3 >= $V78, L$3 <= $W78), $H78, "") -> 11 | M78: =IF(AND(M$3 >= $V78, M$3 <= $W78), $H78, "") | N78: =IF(AND(N$3 >= $V78, N$3 <= $W78), $H78, "") | O78: =IF(AND(O$3 >= $V78, O$3 <= $W78), $H78, "") | P78: =IF(AND(P$3 >= $V78, P$3 <= $W78), $H78, "") | ... T78: =IF(AND(T$3 >= $V78, T$3 <= $W78), $H78, "") | U78: TRUE | V78: 46054 | W78: 46113 | X78: Q1 | Y78: 46051 | Z78: ON TRACK
A79: 76 | B79: Renov Besar KPw DIY | C79: 1 | D79: GPAN2 | E79: Pengadaan - Kontraktor | F79: KAK | G79: Pengadaan - Kontraktor | KAK | H79: 7 | I79: =IF(AND(I$3 >= $V79, I$3 <= $W79), $H79, "") | J79: =IF(AND(J$3 >= $V79, J$3 <= $W79), $H79, "") | K79: =IF(AND(K$3 >= $V79, K$3 <= $W79), $H79, "") | L79: =IF(AND(L$3 >= $V79, L$3 <= $W79), $H79, "") | M79: =IF(AND(M$3 >= $V79, M$3 <= $W79), $H79, "") | N79: =IF(AND(N$3 >= $V79, N$3 <= $W79), $H79, "") | O79: =IF(AND(O$3 >= $V79, O$3 <= $W79), $H79, "") | P79: =IF(AND(P$3 >= $V79, P$3 <= $W79), $H79, "") -> 7 | ... T79: =IF(AND(T$3 >= $V79, T$3 <= $W79), $H79, "") | U79: FALSE | V79: 46235 | W79: 46327 | X79: Q1 | Z79: BEHIND
A80: 77 | B80: Renov Besar KPw DIY | C80: 1 | D80: GPAN2 | E80: Pengadaan - Kons. Perancang | F80: SPPP | G80: Pengadaan - Kons. Perancang | SPPP | H80: 10 | I80: =IF(AND(I$3 >= $V80, I$3 <= $W80), $H80, "") | J80: =IF(AND(J$3 >= $V80, J$3 <= $W80), $H80, "") | K80: =IF(AND(K$3 >= $V80, K$3 <= $W80), $H80, "") | L80: =IF(AND(L$3 >= $V80, L$3 <= $W80), $H80, "") | M80: =IF(AND(M$3 >= $V80, M$3 <= $W80), $H80, "") -> 10 | N80: =IF(AND(N$3 >= $V80, N$3 <= $W80), $H80, "") -> 10 | O80: =IF(AND(O$3 >= $V80, O$3 <= $W80), $H80, "") -> 10 | P80: =IF(AND(P$3 >= $V80, P$3 <= $W80), $H80, "") | ... T80: =IF(AND(T$3 >= $V80, T$3 <= $W80), $H80, "") | U80: TRUE | V80: 46143 | W80: 46204 | X80: Q1 | Y80: 46148 | Z80: ON TRACK | AB80: 28/53/DMAP-GPPS/Srt/B
A81: 78 | B81: Renov Besar KPw DIY | C81: 1 | D81: GPAN2 | E81: Pengadaan - Kons. MK | F81: SPPP | G81: Pengadaan - Kons. MK | SPPP | H81: 12 | I81: =IF(AND(I$3 >= $V81, I$3 <= $W81), $H81, "") | J81: =IF(AND(J$3 >= $V81, J$3 <= $W81), $H81, "") | K81: =IF(AND(K$3 >= $V81, K$3 <= $W81), $H81, "") | L81: =IF(AND(L$3 >= $V81, L$3 <= $W81), $H81, "") | M81: =IF(AND(M$3 >= $V81, M$3 <= $W81), $H81, "") -> 12 | N81: =IF(AND(N$3 >= $V81, N$3 <= $W81), $H81, "") -> 12 | O81: =IF(AND(O$3 >= $V81, O$3 <= $W81), $H81, "") -> 12 | P81: =IF(AND(P$3 >= $V81, P$3 <= $W81), $H81, "") -> 12 | ... T81: =IF(AND(T$3 >= $V81, T$3 <= $W81), $H81, "") -> 12 | U81: TRUE | V81: 46143 | W81: 46368 | X81: Q1 | Y81: 46191 | Z81: ON TRACK | AB81: 28/66/DMAP-GPPS/Srt/B | AC81: 28/66/DMAP-GPPS/Srt/B kontrak 28/383/DMAP/P/B 18 JUNI 26 PT Ciriajasa Cipta Mandiri 4,281,573,000 (no ppn) 4,752,546,030 (ppn)
A82: 79 | B82: Renov Besar KPw DIY | C82: 1 | D82: GPAN2 | E82: Pengadaan - Kontraktor | F82: SPPP | G82: Pengadaan - Kontraktor | SPPP | H82: 8 | I82: =IF(AND(I$3 >= $V82, I$3 <= $W82), $H82, "") | J82: =IF(AND(J$3 >= $V82, J$3 <= $W82), $H82, "") | K82: =IF(AND(K$3 >= $V82, K$3 <= $W82), $H82, "") | L82: =IF(AND(L$3 >= $V82, L$3 <= $W82), $H82, "") | M82: =IF(AND(M$3 >= $V82, M$3 <= $W82), $H82, "") | N82: =IF(AND(N$3 >= $V82, N$3 <= $W82), $H82, "") | O82: =IF(AND(O$3 >= $V82, O$3 <= $W82), $H82, "") | P82: =IF(AND(P$3 >= $V82, P$3 <= $W82), $H82, "") | ... T82: =IF(AND(T$3 >= $V82, T$3 <= $W82), $H82, "") -> 8 | U82: FALSE | V82: 46357 | W82: 46357 | X82: Q1 | Z82: NOT STARTED
A83: 80 | B83: Ruang Rapat Komite Lt.14 MSP & Area Kolaborasi Lt. 4 MRP | C83: 1 | D83: GPAN2 | E83: Pra Pembangunan dan Pra Pengadaan | F83: RPP | G83: Pra Pembangunan dan Pra Pengadaan | RPP | H83: 4 | I83: =IF(AND(I$3 >= $V83, I$3 <= $W83), $H83, "") | J83: =IF(AND(J$3 >= $V83, J$3 <= $W83), $H83, "") -> 4 | K83: =IF(AND(K$3 >= $V83, K$3 <= $W83), $H83, "") | L83: =IF(AND(L$3 >= $V83, L$3 <= $W83), $H83, "") | M83: =IF(AND(M$3 >= $V83, M$3 <= $W83), $H83, "") | N83: =IF(AND(N$3 >= $V83, N$3 <= $W83), $H83, "") | O83: =IF(AND(O$3 >= $V83, O$3 <= $W83), $H83, "") | P83: =IF(AND(P$3 >= $V83, P$3 <= $W83), $H83, "") | ... T83: =IF(AND(T$3 >= $V83, T$3 <= $W83), $H83, "") | U83: TRUE | V83: 46054 | W83: 46054 | X83: Q1 | Y83: 46059 | Z83: ON TRACK
A84: 81 | B84: Ruang Rapat Komite Lt.14 MSP & Area Kolaborasi Lt. 4 MRP | C84: 1 | D84: GPAN2 | E84: Pra Pembangunan dan Pra Pengadaan | F84: RBTek | G84: Pra Pembangunan dan Pra Pengadaan | RBTek | H84: 6 | J84: =IF(AND(J$3 >= $V84, J$3 <= $W84), $H84, "") -> 6 | U84: TRUE | V84: 46054 | W84: 46054 | X84: Q1 | Y84: 46108 | Z84: ON TRACK
A85: 82 | B85: Ruang Rapat Komite Lt.14 MSP & Area Kolaborasi Lt. 4 MRP | C85: 1 | D85: GPAN2 | E85: Pengadaan - Kontraktor | F85: KAK | G85: Pengadaan - Kontraktor | KAK | H85: 7 | I85: =IF(AND(I$3 >= $V85, I$3 <= $W85), $H85, "") | J85: =IF(AND(J$3 >= $V85, J$3 <= $W85), $H85, "") -> 7 | K85: =IF(AND(K$3 >= $V85, K$3 <= $W85), $H85, "") -> 7 | L85: =IF(AND(L$3 >= $V85, L$3 <= $W85), $H85, "") -> 7 | M85: =IF(AND(M$3 >= $V85, M$3 <= $W85), $H85, "") -> 7 | N85: =IF(AND(N$3 >= $V85, N$3 <= $W85), $H85, "") | O85: =IF(AND(O$3 >= $V85, O$3 <= $W85), $H85, "") | P85: =IF(AND(P$3 >= $V85, P$3 <= $W85), $H85, "") | ... T85: =IF(AND(T$3 >= $V85, T$3 <= $W85), $H85, "") | U85: TRUE | V85: 46054 | W85: 46143 | X85: Q1 | Y85: 46108 | Z85: ON TRACK
A86: 83 | B86: Ruang Rapat Komite Lt.14 MSP & Area Kolaborasi Lt. 4 MRP | C86: 1 | D86: GPAN2 | E86: Pengadaan - Kons. Perancang | F86: SPPP | G86: Pengadaan - Kons. Perancang | SPPP | H86: 10 | I86: =IF(AND(I$3 >= $V86, I$3 <= $W86), $H86, "") -> 10 | J86: =IF(AND(J$3 >= $V86, J$3 <= $W86), $H86, "") | K86: =IF(AND(K$3 >= $V86, K$3 <= $W86), $H86, "") | L86: =IF(AND(L$3 >= $V86, L$3 <= $W86), $H86, "") | M86: =IF(AND(M$3 >= $V86, M$3 <= $W86), $H86, "") | N86: =IF(AND(N$3 >= $V86, N$3 <= $W86), $H86, "") | O86: =IF(AND(O$3 >= $V86, O$3 <= $W86), $H86, "") | P86: =IF(AND(P$3 >= $V86, P$3 <= $W86), $H86, "") | ... T86: =IF(AND(T$3 >= $V86, T$3 <= $W86), $H86, "") | U86: TRUE | V86: 46023 | W86: 46023 | X86: Q1 | Y86: 46028 | Z86: ON TRACK
A87: 84 | B87: Ruang Rapat Komite Lt.14 MSP & Area Kolaborasi Lt. 4 MRP | C87: 1 | D87: GPAN2 | E87: Pengadaan - Kons. MK | F87: SPPP | G87: Pengadaan - Kons. MK | SPPP | H87: 12 | I87: =IF(AND(I$3 >= $V87, I$3 <= $W87), $H87, "") -> 12 | J87: =IF(AND(J$3 >= $V87, J$3 <= $W87), $H87, "") | K87: =IF(AND(K$3 >= $V87, K$3 <= $W87), $H87, "") | L87: =IF(AND(L$3 >= $V87, L$3 <= $W87), $H87, "") | M87: =IF(AND(M$3 >= $V87, M$3 <= $W87), $H87, "") | N87: =IF(AND(N$3 >= $V87, N$3 <= $W87), $H87, "") | O87: =IF(AND(O$3 >= $V87, O$3 <= $W87), $H87, "") | P87: =IF(AND(P$3 >= $V87, P$3 <= $W87), $H87, "") | ... T87: =IF(AND(T$3 >= $V87, T$3 <= $W87), $H87, "") | U87: TRUE | V87: 46023 | W87: 46023 | X87: Q1 | Y87: 46090 | Z87: ON TRACK | AC87: No. SPPP 28/102/DMAP-GPPS-PBS/Srt/B No. Kontrak 28/172/DMAP/P/B tgl 25 Mar 26 Nilai 1,506,985,000 (dgn PPN 1,672,753,350)
A88: 85 | B88: Ruang Rapat Komite Lt.14 MSP & Area Kolaborasi Lt. 4 MRP | C88: 1 | D88: GPAN2 | E88: Pengadaan - Kontraktor | F88: SPPP | G88: Pengadaan - Kontraktor | SPPP | H88: 8 | I88: =IF(AND(I$3 >= $V88, I$3 <= $W88), $H88, "") | J88: =IF(AND(J$3 >= $V88, J$3 <= $W88), $H88, "") | K88: =IF(AND(K$3 >= $V88, K$3 <= $W88), $H88, "") | L88: =IF(AND(L$3 >= $V88, L$3 <= $W88), $H88, "") | M88: =IF(AND(M$3 >= $V88, M$3 <= $W88), $H88, "") | N88: =IF(AND(N$3 >= $V88, N$3 <= $W88), $H88, "") -> 8 | O88: =IF(AND(O$3 >= $V88, O$3 <= $W88), $H88, "") | P88: =IF(AND(P$3 >= $V88, P$3 <= $W88), $H88, "") | ... T88: =IF(AND(T$3 >= $V88, T$3 <= $W88), $H88, "") | U88: TRUE | V88: 46174 | W88: 46174 | X88: Q1 | Y88: 46237 | Z88: ON TRACK
A89: 86 | B89: Ruang Rapat Komite Lt.14 MSP & Area Kolaborasi Lt. 4 MRP | C89: 1 | D89: GPAN2 | E89: Implementasi | F89: Pembangunan Fisik | G89: Implementasi | Pembangunan Fisik | H89: 1 | I89: =IF(AND(I$3 >= $V89, I$3 <= $W89), $H89, "") | J89: =IF(AND(J$3 >= $V89, J$3 <= $W89), $H89, "") | K89: =IF(AND(K$3 >= $V89, K$3 <= $W89), $H89, "") | L89: =IF(AND(L$3 >= $V89, L$3 <= $W89), $H89, "") | M89: =IF(AND(M$3 >= $V89, M$3 <= $W89), $H89, "") | N89: =IF(AND(N$3 >= $V89, N$3 <= $W89), $H89, "") -> 1 | O89: =IF(AND(O$3 >= $V89, O$3 <= $W89), $H89, "") -> 1 | P89: =IF(AND(P$3 >= $V89, P$3 <= $W89), $H89, "") -> 1 | ... T89: =IF(AND(T$3 >= $V89, T$3 <= $W89), $H89, "") | U89: FALSE | V89: 46174 | W89: 46266 | X89: Q1 | Z89: BEHIND
A90: 87 | B90: Interior Lobby MSP | C90: 1 | D90: GPAN2 | E90: Pra Pembangunan dan Pra Pengadaan | F90: RPP | G90: Pra Pembangunan dan Pra Pengadaan | RPP | H90: 4 | I90: =IF(AND(I$3 >= $V90, I$3 <= $W90), $H90, "") | J90: =IF(AND(J$3 >= $V90, J$3 <= $W90), $H90, "") -> 4 | K90: =IF(AND(K$3 >= $V90, K$3 <= $W90), $H90, "") | L90: =IF(AND(L$3 >= $V90, L$3 <= $W90), $H90, "") | M90: =IF(AND(M$3 >= $V90, M$3 <= $W90), $H90, "") | N90: =IF(AND(N$3 >= $V90, N$3 <= $W90), $H90, "") | O90: =IF(AND(O$3 >= $V90, O$3 <= $W90), $H90, "") | P90: =IF(AND(P$3 >= $V90, P$3 <= $W90), $H90, "") | ... T90: =IF(AND(T$3 >= $V90, T$3 <= $W90), $H90, "") | U90: TRUE | V90: 46054 | W90: 46054 | X90: Q1 | Y90: 46062 | Z90: ON TRACK
A91: 88 | B91: Interior Lobby MSP | C91: 1 | D91: GPAN2 | E91: Pra Pembangunan dan Pra Pengadaan | F91: RBTek | G91: Pra Pembangunan dan Pra Pengadaan | RBTek | H91: 6 | J91: =IF(AND(J$3 >= $V91, J$3 <= $W91), $H91, "") -> 6 | U91: TRUE | V91: 46054 | W91: 46054 | X91: Q1 | Y91: 46080 | Z91: ON TRACK
A92: 89 | B92: Interior Lobby MSP | C92: 1 | D92: GPAN2 | E92: Pengadaan - Kontraktor | F92: KAK | G92: Pengadaan - Kontraktor | KAK | H92: 7 | I92: =IF(AND(I$3 >= $V92, I$3 <= $W92), $H92, "") | J92: =IF(AND(J$3 >= $V92, J$3 <= $W92), $H92, "") -> 7 | K92: =IF(AND(K$3 >= $V92, K$3 <= $W92), $H92, "") -> 7 | L92: =IF(AND(L$3 >= $V92, L$3 <= $W92), $H92, "") -> 7 | M92: =IF(AND(M$3 >= $V92, M$3 <= $W92), $H92, "") -> 7 | N92: =IF(AND(N$3 >= $V92, N$3 <= $W92), $H92, "") | O92: =IF(AND(O$3 >= $V92, O$3 <= $W92), $H92, "") | P92: =IF(AND(P$3 >= $V92, P$3 <= $W92), $H92, "") | ... T92: =IF(AND(T$3 >= $V92, T$3 <= $W92), $H92, "") | U92: TRUE | V92: 46054 | W92: 46143 | X92: Q1 | Y92: 46097 | Z92: ON TRACK
A93: 90 | B93: Interior Lobby MSP | C93: 1 | D93: GPAN2 | E93: Pengadaan - Kons. Perancang | F93: SPPP | G93: Pengadaan - Kons. Perancang | SPPP | H93: 10 | I93: =IF(AND(I$3 >= $V93, I$3 <= $W93), $H93, "") -> 10 | J93: =IF(AND(J$3 >= $V93, J$3 <= $W93), $H93, "") | K93: =IF(AND(K$3 >= $V93, K$3 <= $W93), $H93, "") | L93: =IF(AND(L$3 >= $V93, L$3 <= $W93), $H93, "") | M93: =IF(AND(M$3 >= $V93, M$3 <= $W93), $H93, "") | N93: =IF(AND(N$3 >= $V93, N$3 <= $W93), $H93, "") | O93: =IF(AND(O$3 >= $V93, O$3 <= $W93), $H93, "") | P93: =IF(AND(P$3 >= $V93, P$3 <= $W93), $H93, "") | ... T93: =IF(AND(T$3 >= $V93, T$3 <= $W93), $H93, "") | U93: TRUE | V93: 46023 | W93: 46023 | X93: Q1 | Y93: 46028 | Z93: ON TRACK | AB93: 28/1/DMAP-GPPS-PBS/Srt/B
A94: 91 | B94: Interior Lobby MSP | C94: 1 | D94: GPAN2 | E94: Pengadaan - Kons. MK | F94: SPPP | G94: Pengadaan - Kons. MK | SPPP | H94: 12 | I94: =IF(AND(I$3 >= $V94, I$3 <= $W94), $H94, "") -> 12 | J94: =IF(AND(J$3 >= $V94, J$3 <= $W94), $H94, "") | K94: =IF(AND(K$3 >= $V94, K$3 <= $W94), $H94, "") | L94: =IF(AND(L$3 >= $V94, L$3 <= $W94), $H94, "") | M94: =IF(AND(M$3 >= $V94, M$3 <= $W94), $H94, "") | N94: =IF(AND(N$3 >= $V94, N$3 <= $W94), $H94, "") | O94: =IF(AND(O$3 >= $V94, O$3 <= $W94), $H94, "") | P94: =IF(AND(P$3 >= $V94, P$3 <= $W94), $H94, "") | ... T94: =IF(AND(T$3 >= $V94, T$3 <= $W94), $H94, "") | U94: TRUE | V94: 46023 | W94: 46023 | X94: Q1 | Y94: 46155 | Z94: ON TRACK | AB94: 28/206/DMAP-GPPS-PBS/Srt/B | AC94: bundling lobby MSP, Optimalisasi GBI dan Kompartemen ADG
A95: 92 | B95: Interior Lobby MSP | C95: 1 | D95: GPAN2 | E95: Pengadaan - Kontraktor | F95: SPPP | G95: Pengadaan - Kontraktor | SPPP | H95: 8 | I95: =IF(AND(I$3 >= $V95, I$3 <= $W95), $H95, "") | J95: =IF(AND(J$3 >= $V95, J$3 <= $W95), $H95, "") | K95: =IF(AND(K$3 >= $V95, K$3 <= $W95), $H95, "") | L95: =IF(AND(L$3 >= $V95, L$3 <= $W95), $H95, "") | M95: =IF(AND(M$3 >= $V95, M$3 <= $W95), $H95, "") | N95: =IF(AND(N$3 >= $V95, N$3 <= $W95), $H95, "") -> 8 | O95: =IF(AND(O$3 >= $V95, O$3 <= $W95), $H95, "") | P95: =IF(AND(P$3 >= $V95, P$3 <= $W95), $H95, "") | ... T95: =IF(AND(T$3 >= $V95, T$3 <= $W95), $H95, "") | U95: TRUE | V95: 46174 | W95: 46174 | X95: Q1 | Y95: 46218 | Z95: ON TRACK | AB95: 28/46/DMAP/Srt/B | AC95: bundling lobby MSP, optimalisasi GBI dan Taman Milenial No. 28/46/DMAP/Srt/B nilai kontrak Rp62.629.000.000 (Rp69.518.190.000 dengan PPN 12%)
A96: 93 | B96: Interior Lobby MSP | C96: 1 | D96: GPAN2 | E96: Implementasi | F96: Pembangunan Fisik | G96: Implementasi | Pembangunan Fisik | H96: 1 | I96: =IF(AND(I$3 >= $V96, I$3 <= $W96), $H96, "") | J96: =IF(AND(J$3 >= $V96, J$3 <= $W96), $H96, "") | K96: =IF(AND(K$3 >= $V96, K$3 <= $W96), $H96, "") | L96: =IF(AND(L$3 >= $V96, L$3 <= $W96), $H96, "") | M96: =IF(AND(M$3 >= $V96, M$3 <= $W96), $H96, "") | N96: =IF(AND(N$3 >= $V96, N$3 <= $W96), $H96, "") -> 1 | O96: =IF(AND(O$3 >= $V96, O$3 <= $W96), $H96, "") -> 1 | P96: =IF(AND(P$3 >= $V96, P$3 <= $W96), $H96, "") -> 1 | ... T96: =IF(AND(T$3 >= $V96, T$3 <= $W96), $H96, "") | U96: TRUE | V96: 46174 | W96: 46266 | X96: Q1 | Z96: ON TRACK
A97: 94 | B97: Interior Kompartemen ADG | C97: 1 | D97: GPAN1 | E97: Pra Pembangunan dan Pra Pengadaan | F97: RBTek | G97: Pra Pembangunan dan Pra Pengadaan | RBTek | H97: 6 | I97: =IF(AND(I$3 >= $V97, I$3 <= $W97), $H97, "") | J97: =IF(AND(J$3 >= $V97, J$3 <= $W97), $H97, "") | K97: =IF(AND(K$3 >= $V97, K$3 <= $W97), $H97, "") -> 6 | L97: =IF(AND(L$3 >= $V97, L$3 <= $W97), $H97, "") | M97: =IF(AND(M$3 >= $V97, M$3 <= $W97), $H97, "") | N97: =IF(AND(N$3 >= $V97, N$3 <= $W97), $H97, "") | O97: =IF(AND(O$3 >= $V97, O$3 <= $W97), $H97, "") | P97: =IF(AND(P$3 >= $V97, P$3 <= $W97), $H97, "") | ... T97: =IF(AND(T$3 >= $V97, T$3 <= $W97), $H97, "") | U97: TRUE | V97: 46082 | W97: 46082 | X97: Q1 | Y97: 46080 | Z97: ON TRACK
A98: 95 | B98: Interior Kompartemen ADG | C98: 1 | D98: GPAN1 | E98: Pengadaan - Kontraktor | F98: KAK | G98: Pengadaan - Kontraktor | KAK | H98: 7 | I98: =IF(AND(I$3 >= $V98, I$3 <= $W98), $H98, "") | J98: =IF(AND(J$3 >= $V98, J$3 <= $W98), $H98, "") | K98: =IF(AND(K$3 >= $V98, K$3 <= $W98), $H98, "") | L98: =IF(AND(L$3 >= $V98, L$3 <= $W98), $H98, "") | M98: =IF(AND(M$3 >= $V98, M$3 <= $W98), $H98, "") -> 7 | N98: =IF(AND(N$3 >= $V98, N$3 <= $W98), $H98, "") | O98: =IF(AND(O$3 >= $V98, O$3 <= $W98), $H98, "") | P98: =IF(AND(P$3 >= $V98, P$3 <= $W98), $H98, "") | ... T98: =IF(AND(T$3 >= $V98, T$3 <= $W98), $H98, "") | U98: TRUE | V98: 46143 | W98: 46143 | X98: Q1 | Y98: 46146 | Z98: ON TRACK
A99: 96 | B99: Interior Kompartemen ADG | C99: 1 | D99: GPAN1 | E99: Pengadaan - Kontraktor | F99: SPPP | G99: Pengadaan - Kontraktor | SPPP | H99: 8 | I99: =IF(AND(I$3 >= $V99, I$3 <= $W99), $H99, "") -> 8 | J99: =IF(AND(J$3 >= $V99, J$3 <= $W99), $H99, "") -> 8 | K99: =IF(AND(K$3 >= $V99, K$3 <= $W99), $H99, "") -> 8 | L99: =IF(AND(L$3 >= $V99, L$3 <= $W99), $H99, "") | M99: =IF(AND(M$3 >= $V99, M$3 <= $W99), $H99, "") | N99: =IF(AND(N$3 >= $V99, N$3 <= $W99), $H99, "") | O99: =IF(AND(O$3 >= $V99, O$3 <= $W99), $H99, "") | P99: =IF(AND(P$3 >= $V99, P$3 <= $W99), $H99, "") | ... T99: =IF(AND(T$3 >= $V99, T$3 <= $W99), $H99, "") | U99: TRUE | V99: 46023 | W99: 46082 | X99: Q1 | Y99: 46239 | Z99: ON TRACK
A100: 97 | B100: Interior Kompartemen ADG | C100: 1 | D100: GPAN1 | E100: Implementasi | F100: Pembangunan Fisik | G100: Implementasi | Pembangunan Fisik | H100: 1 | I100: =IF(AND(I$3 >= $V100, I$3 <= $W100), $H100, "") | J100: =IF(AND(J$3 >= $V100, J$3 <= $W100), $H100, "") | K100: =IF(AND(K$3 >= $V100, K$3 <= $W100), $H100, "") | L100: =IF(AND(L$3 >= $V100, L$3 <= $W100), $H100, "") -> 1 | M100: =IF(AND(M$3 >= $V100, M$3 <= $W100), $H100, "") -> 1 | N100: =IF(AND(N$3 >= $V100, N$3 <= $W100), $H100, "") -> 1 | O100: =IF(AND(O$3 >= $V100, O$3 <= $W100), $H100, "") -> 1 | P100: =IF(AND(P$3 >= $V100, P$3 <= $W100), $H100, "") | ... T100: =IF(AND(T$3 >= $V100, T$3 <= $W100), $H100, "") | U100: FALSE | V100: 46113 | W100: 46204 | X100: Q1 | Z100: BEHIND
...
